episode_idx,timestep,traj_length,K,total_var,expert_action_norm,gripper_state,TV1_cumulative_position_V_ucm,TV1_cumulative_position_V_ort,TV1_cumulative_position_ratio,TV2_cumulative_pos_orient_V_ucm,TV2_cumulative_pos_orient_V_ort,TV2_cumulative_pos_orient_ratio,TV3_per_step_position_V_ucm,TV3_per_step_position_V_ort,TV3_per_step_position_ratio
1390,0,21,30,0.001912971,0.021051755,1.0,4.233675062822426e-05,2.6057342432368915e-06,16.24753204902153,3.718942932355688e-05,5.850249156840222e-05,0.6356896659704535,7.436586070024097e-05,5.341263508084119e-06,13.922896817894609
1390,3,21,30,0.0014428141,0.03125644,1.0,3.174779310200341e-05,4.721115898341943e-06,6.7246375190986605,2.6341060338378426e-05,5.60815838455476e-05,0.46969180490557205,5.7421704623886167e-05,2.695546929662986e-06,21.302431796676373
1390,6,21,30,0.0019188432,0.009343279,0.0,4.242858082739615e-05,3.185688380367628e-06,13.318496902857742,4.129391828159193e-05,3.0749772424511424e-05,1.3429015900187768,7.730278030934048e-05,2.6490197895732482e-06,29.18165451749751
1390,9,21,30,0.0014755938,0.060143135,0.0,3.266870603357443e-05,1.8340243374052985e-06,17.812580437069204,2.9856346450279066e-05,3.693788226855742e-05,0.8082852783277626,5.9126437685663655e-05,2.3566391694640645e-06,25.089304485722312
1390,12,21,30,0.0019334932,0.04999388,0.0,4.270226521292028e-05,3.963717780258962e-06,10.773285985595678,3.808737518399315e-05,5.5637221699079535e-05,0.6845664470809345,7.624016914402945e-05,4.3220428527284495e-06,17.639845726170904
1390,15,21,30,0.0023112337,0.032910325,0.0,5.096856400991815e-05,5.88277028264975e-06,8.664041184854938,4.625757826355317e-05,6.14025673708387e-05,0.7533492530398952,9.026787822936909e-05,6.033525574558658e-06,14.961050071619534
1390,18,21,30,0.0023952136,0.03767209,1.0,5.270961503908582e-05,7.760290391163273e-06,6.792221989412514,5.042516328523002e-05,4.6226114992115176e-05,1.0908371446276868,9.398260655742573e-05,5.817957939755598e-06,16.153882088974633
2668,0,35,30,0.0012143236,0.043535803,1.0,2.6910705832946823e-05,1.1139404335862784e-06,24.158119250873302,2.6470035382300187e-05,1.709701628779303e-05,1.5482254293223858,4.8613966378308834e-05,1.9828496126647534e-06,24.517223125649192
2668,3,35,30,0.0016481287,0.11329567,1.0,3.65563177463785e-05,1.0315299294291122e-06,35.438930760458064,3.715290084227338e-05,1.4617842166639647e-05,2.5416132161463953,6.694826278535183e-05,1.723774230286504e-06,38.838185192166684
2668,6,35,30,0.00058049435,0.09463273,1.0,1.2876562518324872e-05,3.4970421913690675e-07,36.82129586570355,1.2620253955780915e-05,8.407293306538577e-06,1.501107847155256,2.318429046774062e-05,1.002977281510625e-06,23.11546920865627
2668,9,35,30,0.0010860162,0.054586716,1.0,2.3897028826410987e-05,3.5499654302579275e-06,6.731622968135415,2.2134987171656812e-05,2.605778871161367e-05,0.8494576196249335,4.23772313319792e-05,2.8734433963236388e-06,14.74789146227755
2668,12,35,30,0.0015247831,0.03243684,0.0,3.36893498176781e-05,2.9207901816840836e-06,11.534327261485565,3.205682622349817e-05,2.9732735158940518e-05,1.0781660702297955,5.840045994074784e-05,5.13216974010911e-06,11.379292365241653
2668,15,35,30,0.0020963242,0.066101305,0.0,4.639826576596321e-05,2.8008441674045715e-06,16.56581480181334,4.6454306373506574e-05,2.420727071388041e-05,1.9190228804633374,8.268148933330214e-05,4.665364498804449e-06,17.722407189082478
2668,18,35,30,0.0007536069,0.054042988,0.0,1.669428359999039e-05,7.880188007634108e-07,21.18513363363594,1.6635476530977244e-05,9.152800683468933e-06,1.8175285474120428,3.0060947795748406e-05,1.3393363043290016e-06,22.44465986517758
2668,21,35,30,0.00043991106,0.054664727,0.0,9.741037642744032e-06,5.214537198156364e-07,18.680541096126504,9.715229024564278e-06,5.3119060085381e-06,1.8289534884368228,1.704353750354464e-05,1.2860897915773785e-06,13.252214281742242
2668,24,35,30,0.0013294087,0.025131445,0.0,2.9294246805213444e-05,3.7225537115862345e-06,7.869395333111457,2.9081632283025228e-05,1.7996701913717333e-05,1.6159423222350984,5.0861066591824014e-05,4.530965381899474e-06,11.225216329174868
2668,27,35,30,0.0019000907,0.007923021,0.0,4.162588947920609e-05,8.975192759008667e-06,4.637882505356217,4.0924603365351385e-05,3.020954391609029e-05,1.3546912021917024,7.210229759532585e-05,7.068144273061662e-06,10.201022334833265
2668,30,35,30,0.0024783348,0.03196929,1.0,5.4244053387833004e-05,1.2450864315818889e-05,4.356649627842756,5.4022900469864355e-05,3.4895529277606427e-05,1.5481324280853528,9.538599415205702e-05,7.877963989607207e-06,12.10795000813566
2668,33,35,30,0.003378665,0.07582019,1.0,7.475176797711451e-05,4.945275588158192e-06,15.115794184678574,7.688084875257576e-05,2.4944956354407657e-05,3.0820197742695696,0.00013323407684318362,7.543647562425848e-06,17.661757888426443
2907,0,34,30,0.0043279966,0.032190703,1.0,9.59192485794544e-05,3.876728696763354e-06,24.74231654630269,8.684210724645002e-05,0.0001134379779691395,0.7655470310840271,0.00017497315188504353,5.360030288528905e-06,32.644060288149234
2907,3,34,30,0.0031184454,0.05020768,1.0,6.900486216255575e-05,4.408848148412505e-06,15.651449049657641,5.916357002303471e-05,0.00010559590013213129,0.5602828324679634,0.00012469418537250487,5.241037200838721e-06,23.791890916658655
2907,6,34,30,0.0015481593,0.058857586,1.0,3.414598088192829e-05,3.863388428893374e-06,8.83835045592582,3.320292126383272e-05,2.560610198207977e-05,1.2966800369329752,6.0756160360845756e-05,3.7504773463814546e-06,16.199580679900567
2907,9,34,30,0.0024735914,0.027804678,1.0,5.4403410649772325e-05,8.479301976656711e-06,6.416024668014353,5.2191895124183484e-05,4.69219649923364e-05,1.112312647876273,9.776889657491544e-05,5.2974111404897626e-06,18.455976699191297
2907,12,34,30,0.0023807117,0.026869364,0.0,5.2606857766111474e-05,4.467707526832094e-06,11.774910835180226,5.1292038073978916e-05,3.7741020491399725e-05,1.3590527602629914,9.429021403736831e-05,4.9061077149447155e-06,19.218944938804878
2907,15,34,30,0.0032998924,0.04986262,0.0,7.315391677790798e-05,2.6554460606395194e-06,27.548635938133156,7.128721389086349e-05,5.097160162858516e-05,1.398567273014337,0.00013046793507937016,7.027589636787261e-06,18.56510437041042
2907,18,34,30,0.0024296003,0.25292832,0.0,5.3669677654670555e-05,4.821615278950986e-06,11.13105765384649,5.051244632201451e-05,5.134626579540304e-05,0.9837608546508326,9.6779694024646e-05,4.453653487730154e-06,21.73040500148355
2907,21,34,30,0.0028898055,0.10727777,0.0,6.370133393828525e-05,7.748526631286418e-06,8.221089888376557,6.19606047438306e-05,4.791003464596836e-05,1.2932698797170374,0.00011422443445984821,6.184132503347425e-06,18.470567116409516
2907,24,34,30,0.0033601904,0.058685876,1.0,7.423153584195783e-05,6.59038403258572e-06,11.263613087632661,7.156320334020023e-05,5.9089287449575125e-05,1.2111028314780399,0.00013419099807618167,5.816929631562526e-06,23.06904270391452
2907,27,34,30,0.004752027,0.13731527,1.0,0.00010500622862764374,8.91552673029403e-06,11.777905198897955,9.755690163709517e-05,0.00010910616661280889,0.8941465424525523,0.00018702739939473737,1.0973720123381448e-05,17.043208437241123
2907,30,34,30,0.002679955,0.1316164,1.0,5.927029976241206e-05,4.2638185012021925e-06,13.900755800393632,5.634612941420306e-05,5.223625156927011e-05,1.0786786517306448,0.00010670450815437202,4.960281212800877e-06,21.511786041283766
2907,33,34,30,0.005216539,0.004851534,1.0,0.00011557136302428832,5.275922605789819e-06,21.905431838112985,0.0001103463738517034,9.699856702313336e-05,1.137608288846027,0.0002107242153374443,6.631580658820019e-06,31.775865540771274
3298,0,47,30,0.0152193215,0.13085172,1.0,0.0003369367458607542,1.9055858961611504e-05,17.681530207560918,0.0002970568948604517,0.0004571552594133004,0.6497943286088096,0.0006273181935781326,6.82018728098306e-06,91.97961400961867
3298,3,47,30,0.012528057,0.17078038,1.0,0.00027005657753010655,0.000125170560581729,2.1575087326845956,0.00028836317993669665,6.946735220978693e-05,4.151060473211335,0.0004904189649123838,3.1583438029282035e-05,15.527725780128826
3298,6,47,30,0.006283329,0.16300777,1.0,0.0001393433635635719,4.2924678418974345e-06,32.46229644482947,0.00014649633259668059,2.174713247097384e-05,6.736351691065983,0.00025817568054802925,3.629684613905302e-06,71.12895692340861
3298,9,47,30,0.004950803,0.039869845,1.0,0.00010967167047173223,5.192509205065745e-06,21.121131641853992,0.00011630944717324414,1.0967652927815656e-05,10.604770951336862,0.0002025691276213535,3.714318163777635e-06,54.537365591570975
3298,12,47,30,0.015608473,0.06740814,1.0,0.0003465762284720946,4.180832640095614e-06,82.89646065913047,0.0003637119917343846,5.542818772006453e-05,6.561859708841319,0.0006485695330186465,1.783499446542801e-06,363.649977170364
3298,15,47,30,0.012747885,0.08772006,0.0,0.00028288012816077876,6.092793098003632e-06,46.428645058284914,0.0002702126413416944,0.00023315886836298242,1.1589207103245438,0.0005279081656023448,3.2536738363659473e-06,162.2498726522537
3298,18,47,30,0.005519601,0.01901451,0.0,0.0001223989949672745,3.8821093394199485e-06,31.52899217041706,0.0001187835695438234,8.844853011750473e-05,1.3429682707673973,0.00022710764229169313,2.8757369393740223e-06,78.97371946028169
3298,21,47,30,0.009115385,0.09604082,0.0,0.00020162111580409925,1.4144738928726582e-05,14.25414189827332,0.00019074584035510048,0.00018400985550940432,1.036606652546129,0.0003697119623698319,1.0095722128945009e-05,36.62065552595259
3298,24,47,30,0.0019512707,0.20693368,0.0,4.18817558271324e-05,2.2197263259555195e-05,1.8867981758563717,4.3783549091181944e-05,1.8726956694997047e-05,2.337995959742825,7.522732989814089e-05,6.075620185176774e-06,12.38183553370891
3298,27,47,30,0.0023294154,0.13264902,0.0,5.1537241195368614e-05,3.413264079828746e-06,15.099107478948536,5.4186310493506813e-05,8.931767550631341e-06,6.066695106689902,9.56423183813508e-05,1.4166668699439478e-06,67.51221505245972
3298,30,47,30,0.0023166586,0.004806366,0.0,5.0411652632460934e-05,1.6044846435371928e-05,3.1419217899976344,5.218740640324011e-05,2.0797973138462144e-05,2.5092544381994997,9.281068839469342e-05,3.7167660955922993e-06,24.97081764299274
3298,33,47,30,0.0032634595,0.08413782,0.0,7.223429254498617e-05,4.305389658347133e-06,16.77764343697462,7.675225238942838e-05,6.644122190571166e-06,11.551902597208304,0.00013443716320295714,1.5403090261853012e-06,87.27934519471171
3298,36,47,30,0.0027701112,0.0937557,0.0,6.130982473750583e-05,3.723126712523921e-06,16.467294688432368,6.434536938074926e-05,1.1267663222310784e-05,5.710622345664432,0.00011424112532765299,1.1801868942359318e-06,96.79918145643718
3298,39,47,30,0.00349167,0.04383874,0.0,7.661860867828616e-05,1.4610909398098428e-05,5.243931543936469,8.124569536231013e-05,1.322515225002446e-05,6.143271081220246,0.0001411140036949615,4.372251251587323e-06,32.27490726744736
3298,42,47,30,0.0034295847,0.017717633,0.0,7.598259470250269e-05,3.4560541114760396e-06,21.98536025526852,8.070354746591469e-05,6.672655063105329e-06,12.094667969897541,0.00014176772097935386,1.1316508517732195e-06,125.27514184893117
3298,45,47,30,0.0021505416,0.05613612,0.0,4.439440037990664e-05,5.093113946423664e-05,0.871655353618781,4.6036659816100375e-05,3.616695386871557e-05,1.2728929282574197,7.509582110854044e-05,1.4510072036814092e-05,5.175427173484169
4060,0,43,30,0.0013930497,0.03632533,1.0,3.0884215502904094e-05,1.0866501352828956e-06,28.42148958538875,3.203566914669944e-05,7.92525731252607e-06,4.042224483496108,5.4649446920134985e-05,3.3942884147205616e-06,16.10041347197482
4060,3,43,30,0.0007755915,0.039035022,1.0,1.720902858649324e-05,3.950876014738674e-07,43.55750097521476,1.7801634990488567e-05,4.653813266016288e-06,3.8251717404482255,3.0506898660551334e-05,1.809415889307727e-06,16.86008111281874
4060,6,43,30,0.0006174478,0.03917206,1.0,1.3646080807859208e-05,1.1247232868582345e-06,12.132833886615549,1.3984708936137797e-05,5.015005149408619e-06,2.78857319573977,2.4089969964527506e-05,1.6370219610657885e-06,14.715728033876621
4060,9,43,30,0.0004825179,0.03741556,1.0,1.0651393962403538e-05,1.0683943448935605e-06,9.969534201778922,1.0947511263557544e-05,3.7870730455705047e-06,2.890757883944737,1.9120077268988378e-05,9.848357036299506e-07,19.414484262212223
4060,12,43,30,0.00036648862,0.019174812,1.0,7.873492314952262e-06,4.0604848899116515e-06,1.939052238444255,7.2097785521332104e-06,1.0612984942165314e-05,0.6793356055268496,1.3330668100152168e-05,1.9396906016222803e-06,6.872574465743622
4060,15,43,30,0.00047827532,0.036904242,1.0,1.053910930778859e-05,1.3384791118095516e-06,7.873943802933377,1.05436886353393e-05,5.906738916944089e-06,1.7850270315983736,1.8412518793726402e-05,1.5156210473533954e-06,12.148497690685064
4060,18,43,30,0.0003704625,0.027192649,1.0,8.191259183655744e-06,6.186244463951934e-07,13.241085494417971,8.224882798708358e-06,4.169576509657158e-06,1.9725942861723975,1.440350976413817e-05,1.032429261015747e-06,13.951086343646823
4060,21,43,30,0.00058085285,0.016707715,1.0,1.2791532709339444e-05,1.7446094221132175e-06,7.332032343288199,1.276277558945866e-05,7.4693709048918295e-06,1.7086814608577119,2.1711946392658752e-05,2.490253615116855e-06,8.718769148996866
4060,24,43,30,0.0016151523,0.031638615,1.0,3.5559993350682224e-05,4.9842349903493585e-06,7.134493742677596,3.644241363243872e-05,1.4095172198220333e-05,2.5854535950287976,6.064176476718104e-05,6.656252139141792e-06,9.110496943254278
4060,27,43,30,0.0031705028,0.015234223,1.0,7.003100148895575e-05,6.369267858016258e-06,10.995141521770961,7.065394368753807e-05,3.38395392834097e-05,2.0879109226577777,0.00012067137072494373,1.1432915549100333e-05,10.554732973116336
4060,30,43,30,0.0013248428,0.070027485,1.0,2.91695304174983e-05,4.071313113120595e-06,7.164649243875111,2.9574594794142397e-05,1.3784971128800723e-05,2.1454230493346964,5.182191741608431e-05,3.37986625586507e-06,15.332534926835617
4060,33,43,30,0.00096173875,0.063900694,1.0,2.1243506707058124e-05,1.9269893448248392e-06,11.024195211099691,2.1422120439083354e-05,1.0334951901764877e-05,2.0727837577478367,3.8072732710608885e-05,1.9997160332282027e-06,19.039069586868745
4060,36,43,30,0.0007183828,0.18526712,1.0,1.5814951610197324e-05,2.236651243945355e-06,7.070816987229731,1.581471400053176e-05,9.027464694730289e-06,1.7518444585846427,2.812924541929431e-05,1.8033702553188428e-06,15.598153144829901
4060,39,43,30,0.0006769901,0.0,1.0,1.4687760337392855e-05,5.346958095448383e-06,2.7469376185865126,1.4077430804216264e-05,1.4289665948656732e-05,0.9851476482933166,2.519620385041404e-05,3.0117165441286073e-06,8.366060843121
4060,42,43,30,0.00057642034,0.0022566817,1.0,1.2636767739309349e-05,2.5885893077349217e-06,4.881719823824362,1.255495837957053e-05,8.185344041693862e-06,1.533833925076218,2.2262721404730584e-05,1.7547917699413088e-06,12.686816627522244
4165,0,76,30,0.0013295892,0.03045924,1.0,2.9196203895241243e-05,5.25333920967911e-06,5.557646808994966,2.5069622893670017e-05,4.6110838563458795e-05,0.5436817823030615,5.271542279782216e-05,2.6841269069650588e-06,19.639690903224643
4165,3,76,30,0.00097391964,0.022626858,1.0,2.1243057876159228e-05,5.994011349664084e-06,3.544046989058459,2.0017199126786818e-05,2.2199545858518507e-05,0.9016940821384295,3.733190364094858e-05,3.2480812955579854e-06,11.493525021064894
4165,6,76,30,0.0027039424,0.022997536,0.0,5.8896958979554376e-05,1.7859688024760618e-05,3.297759675191404,4.8095210348974146e-05,0.00011399056391621912,0.42192273374770917,0.00010175935656193568,1.0904902527823853e-05,9.331523716264014
4165,9,76,30,0.0019026947,0.036014706,0.0,4.1721329264973674e-05,8.411654739446343e-06,4.959943145231824,4.098781356334851e-05,3.0201101913586156e-05,1.3571628505683724,7.194067321929851e-05,7.338275994957939e-06,9.803484260980138
4165,12,76,30,0.002483261,0.07956691,0.0,5.363562649255202e-05,2.3219255077631667e-05,2.3099632745850682,4.7544117904709885e-05,8.10680008999868e-05,0.5864720651415203,9.293697558725094e-05,1.0532230970988083e-05,8.824054072043582
4165,15,76,30,0.0017750508,0.05573599,0.0,3.907810977224987e-05,5.511906531781169e-06,7.089762779344846,3.832379729005041e-05,2.757519552741169e-05,1.3897924042625138,6.495851913314123e-05,9.001925006299912e-06,7.216069794813957
4165,18,76,30,0.0011498893,0.01788678,0.0,2.5237916184264535e-05,4.727665043466591e-06,5.338346932835722,2.3979561088777818e-05,2.3791276282272583e-05,1.007914027153118,4.310981111521662e-05,4.802239860712704e-06,8.977021632738408
4165,21,76,30,0.0012430239,0.017862367,0.0,2.690022354054319e-05,1.0838002874324472e-05,2.482027717880622,2.5454505916862396e-05,2.8989136573199384e-05,0.8780705093643675,4.5270238255778075e-05,6.522431242030965e-06,6.940699959250433
4165,24,76,30,0.0014395427,0.020118918,1.0,3.16786760201781e-05,4.667437095188026e-06,6.787167212781029,3.146965279790085e-05,1.96362191136238e-05,1.602633002606235,5.379190348631632e-05,6.189043688416123e-06,8.69147257548
4165,27,76,30,0.002239713,0.016997227,1.0,4.926409100692393e-05,7.609636880251212e-06,6.47390825372703,4.523818675173411e-05,5.661819372991637e-05,0.7990044148623342,8.640663321465462e-05,6.914742033359158e-06,12.496002424645562
4165,30,76,30,0.0046856063,0.06462703,1.0,0.00010316211971548935,1.4436900237522827e-05,7.145725053038848,8.563343517515445e-05,0.00018150030175885035,0.4718087757723454,0.00018256363333244785,1.266995366378506e-05,14.409179242247381
4165,33,76,30,0.0046759965,0.0,1.0,0.00010293822382995127,1.4592061183518825e-05,7.0543991376774144,9.385861192383292e-05,0.0001223224258495635,0.7673050241765447,0.00018137448215339071,1.3458695175707762e-05,13.47637938042925
4165,36,76,30,0.0037461051,0.09556088,1.0,8.259061319875677e-05,9.842474762638384e-06,8.391244599606923,7.910406797335094e-05,7.06223605585383e-05,1.120099460676937,0.00014708626077486464,9.001448318134114e-06,16.340288315442304
4165,39,76,30,0.0012173443,0.099483356,1.0,2.6872343872090592e-05,2.6962743684397584e-06,9.966472324417301,2.5154468235829382e-05,2.6809438574093628e-05,0.9382691161662942,4.817385631810117e-05,2.548822738123657e-06,18.90043414849825
4165,42,76,30,0.00083877717,0.03177363,1.0,1.8382732027736396e-05,3.851396524922259e-06,4.773004261904051,1.6649980801357048e-05,2.3246322860984774e-05,0.7162414847683877,3.292634366225596e-05,2.0227034553650666e-06,16.278384048299984
4165,45,76,30,0.00091519975,0.01805385,1.0,2.016938498493228e-05,2.5258045983917807e-06,7.985330693345971,1.7455725600496447e-05,3.0343210482712843e-05,0.5752761597340313,3.6597779987425995e-05,1.5355424341210064e-06,23.833779630046976
4165,48,76,30,0.0015349034,0.01426816,1.0,3.3591052336167834e-05,7.768731980674882e-06,4.323878390930115,3.129171611519797e-05,3.677524570521038e-05,0.8508907422680934,5.9658836958834e-05,4.295477669065057e-06,13.888755001214847
4165,51,76,30,0.0017562569,0.049159884,0.0,3.866764274216816e-05,5.404291211103314e-06,7.154988736122153,3.5243102043949436e-05,4.600775186416675e-05,0.7660253026055509,6.778432125258102e-05,5.393045290372196e-06,12.56883960785409
4165,54,76,30,0.0023235797,0.047286004,0.0,5.106005215925107e-05,8.625819857218547e-06,5.9194433693768005,4.7754939197609865e-05,5.2978726739723196e-05,0.9013983939671287,8.554495469110263e-05,1.1270870589645449e-05,7.589915438270828
4165,57,76,30,0.0013421463,0.05656326,0.0,2.9461648852477313e-05,5.457384609209334e-06,5.398492311273205,2.717054618989636e-05,3.349723536891004e-05,0.8111280196906727,5.1103788181055465e-05,4.818976493490674e-06,10.604697543157744
4165,60,76,30,0.0015712603,0.04326073,0.0,3.394490034717034e-05,1.457994107022512e-05,2.3281918756511284,2.9609159976450744e-05,5.461260330373487e-05,0.5421671589573505,5.989550870735377e-05,5.5736720773687515e-06,10.74614865674508
4165,63,76,30,0.0010675583,0.039612558,0.0,2.3414695828729905e-05,4.632366932601367e-06,5.054585737572622,2.0950638147270874e-05,3.127193515087884e-05,0.6699501660575072,4.174825695503802e-05,2.733343590405725e-06,15.273695228648915
4165,66,76,30,0.0011783729,0.029533647,1.0,2.5823816611814427e-05,5.4337187602579804e-06,4.752512551935679,2.4369291878123196e-05,2.5810440821874817e-05,0.944164109644721,4.576739972717078e-05,3.3314712650135297e-06,13.737894187415394
4165,69,76,30,0.0010251284,0.086464606,1.0,2.242272962204117e-05,5.368554294179632e-06,4.176679305702651,2.042393607585668e-05,2.7887196781401794e-05,0.7323768048812126,3.955974278651387e-05,3.153944541585773e-06,12.542941787626871
4165,72,76,30,0.0012802435,0.033362463,1.0,2.7800784525841492e-05,9.736066196107894e-06,2.8554432525279236,2.365170516011284e-05,4.781198092107526e-05,0.4946815568916806,4.827497943062429e-05,5.068499829841992e-06,9.524510417538918
4165,75,76,30,0.001017171,0.0016381156,1.0,2.2239528044770478e-05,5.46407347056501e-06,4.070137080801516,1.7980782540361365e-05,4.3663019288531525e-05,0.4118080433591127,4.010878660075887e-05,2.2733376670064064e-06,17.64312762809901
4740,0,47,30,0.027561244,0.12913685,1.0,0.0006118953454562277,8.651630391309547e-06,70.72601553469839,0.0005539472233917098,0.0007159103423753944,0.7737661975293023,0.0011437871953938093,4.598031135531444e-06,248.75586129792688
4740,3,47,30,0.008850723,0.2005237,1.0,0.00019652040591660512,2.4347340797173334e-06,80.71534692586249,0.0002095921861339703,7.975108476605105e-06,26.280794392804403,0.0003653653752056524,3.41472764794689e-06,106.99693002612634
4740,6,47,30,0.0037870726,0.15525351,1.0,8.393829845844712e-05,3.282978524534492e-06,25.567726937948553,8.693660206814204e-05,2.26225132236264e-05,3.8429241352966734,0.00015576894096971025,2.025740955444927e-06,76.89479770403204
4740,9,47,30,0.0072482177,0.046602674,0.0,0.00016068184724967035,5.844781264421978e-06,27.491507377318598,0.0001497146453994635,0.00016003372720849404,0.9355193308996254,0.0002985244361817955,3.4846250693891746e-06,85.66902614694335
4740,12,47,30,0.015648548,0.06058664,0.0,0.00034730377852614744,6.6260464031311e-06,52.41493303790192,0.00034386174331581986,0.00020105915893693248,1.7102515753767835,0.0006461921321533083,5.830708383609515e-06,110.82566467734773
4740,15,47,30,0.011167941,0.095058404,0.0,0.00024776421649819354,6.183566290219592e-06,40.06817504165463,0.000255183277904499,7.504046155006852e-05,3.400609119844439,0.00045869172489987743,6.639126820512868e-06,69.08916447907886
4740,18,47,30,0.00086391484,0.21603583,0.0,1.8833052159025543e-05,5.475819988084183e-06,3.439311774311017,1.9357937629957384e-05,8.480237777031981e-06,2.2827116572588033,3.29132850616472e-05,3.0831652350362155e-06,10.67516093125012
4740,21,47,30,0.001938089,0.12993999,0.0,4.193416412087564e-05,1.7017224798565423e-05,2.464218732328831,4.287612042554538e-05,2.288200032703238e-05,1.8737924924724483,7.311195411543364e-05,7.641756711028858e-06,9.56742760600005
4740,24,47,30,0.004803624,0.050483286,0.0,0.00010612553294366482,9.325157361500703e-06,11.38056215349335,0.00011240918551875776,1.373977712693219e-05,8.181296136049946,0.00019564348104304685,4.507537896512285e-06,43.40362422563908
4740,27,47,30,0.0032577426,0.09880501,0.0,7.159593090533435e-05,1.1975258181568133e-05,5.978654474066548,7.553800857264533e-05,1.4191050872274494e-05,5.322932688531639,0.00012876158373063463,6.977693989563304e-06,18.45331479471961
4740,30,47,30,0.004821921,0.07178429,0.0,0.0001066256887426769,7.921806434970855e-06,13.459769513172809,0.00011156362182184861,2.2708216034621714e-05,4.912918815452299,0.00019502082745748254,5.892564739407944e-06,33.09608567441506
4740,33,47,30,0.005135328,0.03309789,1.0,0.00011336769336747856,1.1260580035475736e-05,10.067660192487502,0.00012041003790431988,1.301772494358783e-05,9.249699039280326,0.0002074763427276675,6.4956548407892145e-06,31.940789314239392
4740,36,47,30,0.0020979655,0.03161335,1.0,4.638923690950285e-05,3.4832337143996726e-06,13.317865154362153,4.8598327329367493e-05,9.472602372898812e-06,5.130409302137255,8.606618633328485e-05,1.349037086332947e-06,63.79823594563761
4740,39,47,30,0.0021400729,0.03862744,1.0,4.7274985131606514e-05,4.232900569497264e-06,11.16846104826443,4.967058141791242e-05,8.984768846410605e-06,5.528309327374149,8.754752191447042e-05,1.6221877784789696e-06,53.96879638469388
4740,42,47,30,0.0020117639,0.023790807,1.0,4.447612774796745e-05,3.445999025724368e-06,12.906599048912476,4.674669006480162e-05,8.067127169006737e-06,5.79471341971634,8.243098290049358e-05,1.3925065051609208e-06,59.196120517201955
4740,45,47,30,0.0016099641,0.010563674,1.0,3.528671062171347e-05,7.354049914536058e-06,4.798269121340277,3.684249062823845e-05,1.0429920222449898e-05,3.5323847011731475,6.415966191081662e-05,2.9221767442131394e-06,21.956119539269356
5159,0,20,30,0.0017877799,0.089199066,1.0,3.947604753987622e-05,3.785842372766379e-06,10.427282399248545,3.3227893684016776e-05,6.53680219473373e-05,0.5083203177049826,6.876191399360163e-05,5.728905440262068e-06,12.00262680377844
5159,3,20,30,0.002357361,0.05805886,1.0,5.2168376270730074e-05,3.261314118437699e-06,15.996121310669956,4.216884873028137e-05,9.771153797772484e-05,0.4315646811320741,9.302677568980807e-05,5.196594082615537e-06,17.901489747104907
5159,6,20,30,0.0021382768,0.05580351,1.0,4.7204868280989735e-05,4.685909242457479e-06,10.07379055771759,4.1345281238077556e-05,6.696249806210874e-05,0.6174393494061284,8.360018147345543e-05,5.494685208707495e-06,15.21473538483573
5159,9,20,30,0.003307509,0.029001158,0.0,7.317822679557017e-05,4.829588569443565e-06,15.15206228094939,6.750202863472196e-05,7.873729480844429e-05,0.857306931854136,0.0001327257308097706,5.087143003103895e-06,26.09042653780101
5159,12,20,30,0.0035941345,0.08994109,0.0,7.953700015341318e-05,4.9898166490730445e-06,15.939864277014813,7.123381021279878e-05,0.00010038573798554386,0.7096009019035838,0.00014515287337819882,4.602728990584983e-06,31.536263307075707
5159,15,20,30,0.0028761239,0.05496168,0.0,6.3466425969884e-05,6.711600014771782e-06,9.456228891799071,5.542251861006435e-05,9.139636451106545e-05,0.6063974087651407,0.00011487400614245506,4.964492552923924e-06,23.13912346888264
5159,18,20,30,0.0025540781,0.0061873784,1.0,5.652504884675132e-05,3.483638690413359e-06,16.22586435335641,5.0183628687894066e-05,7.439428488058301e-05,0.6745629555878969,0.00010319181986511643,3.228101558843949e-06,31.966720372351478
5228,0,47,30,0.014508852,0.1277637,1.0,0.0003145000016173569,0.0001187838604695135,2.647666108629926,0.0002775280793220749,0.0004754453871104095,0.5837223093251432,0.0005799717155691939,2.4563770022039433e-05,23.610859206417583
5228,3,47,30,0.008473456,0.17986041,1.0,0.0001879396679017422,5.3904172992274625e-06,34.865513645609056,0.00019698911245840563,3.33189307038407e-05,5.912227922599525,0.0003498377960307385,3.222883447431576e-06,108.54807557795364
5228,6,47,30,0.016247423,0.15060678,0.0,0.00036066104659754355,5.892214035555153e-06,61.20976672286867,0.0003492042371789316,0.00026347429624683303,1.3253825597157431,0.0006739072368344147,3.0687522904238e-06,219.60300899403873
5228,9,47,30,0.009669014,0.020444876,0.0,0.00021458541620145505,4.223532866716274e-06,50.807090408246694,0.00021203233675586055,0.00012727603065324693,1.6659251209171129,0.00039791541737014066,4.96017961592707e-06,80.22197746477559
5228,12,47,30,0.0016685012,0.21000436,0.0,3.682783015232379e-05,3.749601454003523e-06,9.821798557551228,3.830639901713196e-05,9.938733749506408e-06,3.8542534675540927,6.702574999494152e-05,2.4951317224160204e-06,26.86260985453742
5228,15,47,30,0.0018935333,0.11415614,0.0,4.1247472790145894e-05,1.2465676808302238e-05,3.3088835387321094,4.26641160530882e-05,1.6940071958627903e-05,2.5185321619226384,7.259152018352077e-05,6.305700899040565e-06,11.512046217505468
5228,18,47,30,0.0035604485,0.03179075,0.0,7.79118851661345e-05,1.813796635960387e-05,4.295513820097089,8.227926915684043e-05,1.7453237827927674e-05,4.714269636845367,0.000141843525574579,6.508504906873678e-06,21.79356512811061
5228,21,47,30,0.0034034308,0.0921036,0.0,7.489843517556663e-05,1.1000379096477105e-05,6.808714001461369,7.931788552532966e-05,1.201325468768077e-05,6.602530920006862,0.00013481325661170973,6.996356729537351e-06,19.26906557559488
5228,24,47,30,0.002516515,0.0741468,0.0,5.5277362999630876e-05,9.677883829460194e-06,5.711720038564887,5.6979392054167625e-05,2.0563420032788312e-05,2.770910284539933,9.807942741883024e-05,6.775363684160188e-06,14.475891183247569
5228,27,47,30,0.0037800306,0.017440803,0.0,8.132897883919498e-05,4.007547591958883e-05,2.029395209239212,8.634194792118045e-05,2.5611443805493663e-05,3.3712253232150884,0.0001427631867881645,1.473808302527471e-05,9.686686290431144
5228,30,47,30,0.004848006,0.058590554,1.0,0.00010486024521347742,4.3098456569003436e-05,2.433039453410341,0.00011133936567324059,2.8625507672897977e-05,3.889515845291168,0.00018819923287039065,1.3801033976004927e-05,13.636603836901058
5228,33,47,30,0.0021931482,0.05288434,1.0,4.838658725801172e-05,5.250530791017719e-06,9.21556108970706,5.123193202770155e-05,6.901145636685871e-06,7.423685098798263,8.922470530186807e-05,2.156462155781119e-06,41.37550249266901
5228,36,47,30,0.0017221156,0.015998224,1.0,3.7877511159726285e-05,5.8758629395105765e-06,6.4462890897317715,3.997610517033081e-05,7.186528975386736e-06,5.562644401385654,6.976971301209697e-05,1.9851032798286206e-06,35.14664134660056
5228,39,47,30,0.0018775974,0.030255623,1.0,4.1431832112187684e-05,4.388302991345991e-06,9.4414246677802,4.383012063811068e-05,6.122047870305903e-06,7.159388748118463,7.640383952986587e-05,1.8293835544043063e-06,41.7648006870516
5228,42,47,30,0.003240387,0.037610646,1.0,7.17151223098285e-05,4.402191348353019e-06,16.290778077299866,7.612383486007685e-05,7.197668977352408e-06,10.576178912867741,0.00013293045147998238,2.0856767694901963e-06,63.73492452163366
5228,45,47,30,0.008460132,0.037659403,1.0,0.00018557360310176538,3.6440026930281196e-05,5.092575904425473,0.00017776606117443468,0.00016565960850733848,1.073080292632467,0.00034352128688796185,8.984222294133395e-06,38.236062693181324
6921,0,25,30,0.0037716925,0.06450816,1.0,8.347204349492462e-05,5.150130849361795e-06,16.20775198464491,8.075236574930157e-05,6.334883139150457e-05,1.2747254207459764,0.00015182830169473802,5.325546214415884e-06,28.50943275710374
6921,3,25,30,0.0043646498,0.08266729,1.0,9.637475741708615e-05,9.261893416672327e-06,10.4055135468955,9.148210426186612e-05,8.706689750341945e-05,1.0507105097924647,0.0001750377023099512,6.822704524169357e-06,25.65517848382295
6921,6,25,30,0.0032122266,0.06480417,1.0,7.103570046741218e-05,5.2067617523704e-06,13.642971168226179,6.324621190705683e-05,9.264765103237876e-05,0.6826531617617954,0.0001269086466478661,6.934136947578045e-06,18.302010417055975
6921,9,25,30,0.0013320299,0.07340963,1.0,2.925221479826906e-05,5.226757919865228e-06,5.596627057681548,2.6976059001039142e-05,3.317257693967658e-05,0.8132036003743202,5.171979224724917e-05,3.7814552394884696e-06,13.67721921104783
6921,12,25,30,0.002287487,0.039159853,0.0,5.069232155174075e-05,2.110792908709038e-06,24.01577215016522,5.040543870568233e-05,2.8409737152633817e-05,1.7742310826346146,9.210299166926852e-05,3.208960353834009e-06,28.70181663641481
6921,15,25,30,0.0036824343,0.016064325,0.0,8.164786484573996e-05,2.7600888296061415e-06,29.581607653327204,8.288773771968246e-05,3.352486672007564e-05,2.472425570302027,0.00014601166975947478,7.4230879299884085e-06,19.66993670782272
6921,18,25,30,0.0020325533,0.08967748,0.0,4.492126044802531e-05,3.6988420441280702e-06,12.144682014561294,4.321494629856219e-05,3.6254250292318496e-05,1.191996688667384,8.080068390274752e-05,3.8890346928159464e-06,20.77653975471273
6921,21,25,30,0.0025106387,0.07212771,0.0,5.548609309016819e-05,4.58818137222174e-06,12.093264975551762,5.116528050108421e-05,6.02828253547828e-05,0.8487538565082333,0.00010019481990055969,4.415127315033378e-06,22.69352903129187
6921,24,25,30,0.00312126,0.021710878,1.0,6.895389536091654e-05,6.111663266387333e-06,11.28234530527005,6.370725201731892e-05,7.425928271883528e-05,0.8579028733489246,0.00012505412633360274,4.998385376414194e-06,25.018904489376464
8690,0,47,30,0.028161842,0.12142613,1.0,0.0006235485133484022,3.405321181160001e-05,18.31100445967315,0.0005445441997989536,0.0008818310574261403,0.6175153338195544,0.0011641769142492738,9.233199755430295e-06,126.08596641317001
8690,3,47,30,0.0024227845,0.23191012,1.0,5.310962553741024e-05,1.095029658466851e-05,4.850062747320372,5.38993908459831e-05,2.650160390102933e-05,2.033816181362881,9.47092140161195e-05,6.240120939608259e-06,15.177464496716171
8690,6,47,30,0.0057327948,0.02921719,1.0,0.0001271156235756883,4.1971687204556455e-06,30.286040910427975,0.00013378403434505945,1.8977520762474113e-05,7.049605479004515,0.00023563172224053654,3.2347180539360323e-06,72.84459365904173
8690,9,47,30,0.01677562,0.164071,1.0,0.00037238963107500333,6.028576763070688e-06,61.770737225435056,0.00039030483047817376,6.38027080968435e-05,6.117370909801291,0.0006969947863559581,1.9893440050569117e-06,350.36413238946994
8690,12,47,30,0.011938917,0.14506821,0.0,0.0002650353154873369,4.109205327854415e-06,64.49794895640387,0.0002501355183605999,0.0002388708402947543,1.0471580292175704,0.0004947932922485634,2.661574956174896e-06,185.90244512957833
8690,15,47,30,0.005020274,0.0030712187,0.0,0.00011120252678623838,5.386654103986776e-06,20.64408158376738,0.00010112647273314735,0.0001288269688167497,0.7849790588257572,0.00020464955760808424,4.528511879111069e-06,45.19134829966621
8690,18,47,30,0.008394838,0.20459047,0.0,0.00018612734991083394,6.368906326125808e-06,29.224381766665864,0.00019337058330545055,4.5545494356163405e-05,4.245657798624439,0.0003436916385709438,6.093255802635504e-06,56.405253562846895
8690,21,47,30,0.009081703,0.2502549,0.0,0.00020136075505856755,6.823156658635132e-06,29.511377963707297,0.00021073425124197668,3.8477482574737214e-05,5.4768201332468776,0.00037259122731129725,5.813083005846227e-06,64.09528763593805
8690,24,47,30,0.0023802791,0.13309486,0.0,5.2274797601974235e-05,9.304459056718195e-06,5.6182522039505045,5.320933595862586e-05,2.4247859832784847e-05,2.1943930856397897,9.413512720945955e-05,5.043175676331903e-06,18.665843359620517
8690,27,47,30,0.0015649025,0.11421873,0.0,3.3880130891900726e-05,1.3432186099240684e-05,2.5223095214423776,3.526588116603536e-05,1.3955906576628236e-05,2.526950217988321,5.859448063596513e-05,6.60978804875381e-06,8.864804771918877
8690,30,47,30,0.006047557,0.1716413,0.0,0.00013346488570724384,1.3879064744881579e-05,9.616273730293244,0.00013864997222230683,3.7376369620621534e-05,3.7095623151642307,0.00024392127984509824,8.060263949094092e-06,30.262195057832194
8690,33,47,30,0.006304748,0.089884326,0.0,0.00013915294633675445,1.4288210935088447e-05,9.73900420206059,0.0001416340124457836,5.935311587271747e-05,2.38629447440497,0.0002538470121494164,8.850788598884246e-06,28.680722549560958
8690,36,47,30,0.0050218133,0.054047864,0.0,0.00011020577843785823,2.0851046929713124e-05,5.285383453854923,0.00011562926641267586,2.7563996860062518e-05,4.19493831027862,0.00020044527992888465,8.796935508313707e-06,22.78580759623054
8690,39,47,30,0.005387242,0.14451966,1.0,0.00011666345832105047,4.57953222138771e-05,2.547497270053023,0.00012107453909544732,5.035182484668578e-05,2.4045710252627837,0.00021372359187055962,1.074480775814461e-05,19.890871635982155
8690,42,47,30,0.018600194,0.07416049,1.0,0.0004119262453131473,2.1170746036543095e-05,19.457332519228004,0.0004384848248134992,3.0638439172382075e-05,14.311591473261329,0.0007680849859953553,6.92306722136376e-06,110.94576456301573
8690,45,47,30,0.020444155,0.03368074,1.0,0.0004525443295499767,2.6552902088277543e-05,17.043121239458188,0.00042749459282357213,0.0004148967729039593,1.0303637452550853,0.0008418689612511109,9.970769416129953e-06,84.43370076227009
10026,0,42,30,0.0044790865,0.025615547,1.0,9.936138367301298e-05,2.6081335999524213e-06,38.09673847797735,0.00010147661593191904,3.617813282414032e-05,2.8049157878100184,0.00017903924591726738,7.589365169626031e-06,23.590806597871165
10026,3,42,30,0.001765994,0.28700972,1.0,3.914028796308371e-05,1.5603416692933355e-06,25.084434219339915,3.736454095862472e-05,3.27805438474015e-05,1.139838958516443,7.085077881079244e-05,2.7323038286511964e-06,25.930783417219004
10026,6,42,30,0.0008842678,0.17028338,1.0,1.9607846306796694e-05,6.382321218955188e-07,30.722123870171764,1.8821702914816967e-05,1.5626042958204193e-05,1.2045085864131038,3.5620896299354825e-05,1.2235945411259208e-06,29.111682916284813
10026,9,42,30,0.00072528323,0.020780966,1.0,1.6016075269965696e-05,1.5199360649063058e-06,10.537334852274187,1.657862937207885e-05,4.8301269526439145e-06,3.432338225189721,2.86563482908084e-05,1.5637848484905723e-06,18.3249942077829
10026,12,42,30,0.0005488749,0.022454428,1.0,1.214385443693131e-05,8.004955386171363e-07,15.17042113427632,1.2291950010950186e-05,5.435505969642072e-06,2.261417810890494,2.1879274816395496e-05,9.90514195177852e-07,22.08880490851215
10026,15,42,30,0.0029121977,0.03374412,0.0,6.431032724541611e-05,6.077715358451597e-06,10.581332532460072,6.438873794045345e-05,3.4645146436672526e-05,1.8585211656746465,0.00011211104702833545,9.230530976626231e-06,12.145676918502922
10026,18,42,30,0.001053497,0.031392254,0.0,2.3348984046863716e-05,9.308735866889469e-07,25.082873099788383,2.3578575221169762e-05,1.0532790596634007e-05,2.2385876757774748,4.242969593515112e-05,1.4660083510544682e-06,28.942328946920632
10026,21,42,30,0.0006941351,0.06453813,0.0,1.5383704362715165e-05,6.227837098243871e-07,24.70152015866483,1.5773251889831326e-05,5.276411346456653e-06,2.9893901089466373,2.798252292661663e-05,9.397707172023463e-07,29.77590428644053
10026,24,42,30,0.0004163679,0.08911318,0.0,9.190133846742995e-06,9.372875487942608e-07,9.805031399985314,9.2369998496429e-06,4.735648677469287e-06,1.9505247282361997,1.6234522113357947e-05,1.1141397928844508e-06,14.571351115040601
10026,27,42,30,0.0004566409,0.05805295,0.0,1.0106855016768378e-05,6.108113923533292e-07,16.54660529141208,1.0464083970101067e-05,2.8582305312320255e-06,3.661035684756533,1.8083164973522235e-05,9.43539606962637e-07,19.165242073657122
10026,30,42,30,0.003180998,0.026018364,1.0,7.049618116755242e-05,2.8898809375775116e-06,24.394147264297665,6.972519451893903e-05,4.208993759285866e-05,1.656576334072997,0.0001262923198729409,6.249254933417087e-06,20.209180329259567
10026,33,42,30,0.0026299604,0.025653671,1.0,5.830631132491424e-05,2.058852566907938e-06,28.31980893730572,5.902197796399913e-05,2.5172915472316863e-05,2.3446619851763586,0.00010310141095417585,6.480279350901825e-06,15.910025690455427
10026,36,42,30,0.0053866925,0.2027035,1.0,0.00011913661702252482,8.514775290017837e-06,13.991751157801282,0.00010868822324362668,0.0001369644526085582,0.7935505977909142,0.0002155854550678066,8.860048760679693e-06,24.332310226616414
10026,39,42,30,0.007437176,0.10057595,1.0,0.00016463284040422655,9.566102112873542e-06,17.21002331583651,0.00015122326213403336,0.00018096651914990204,0.8356422107493204,0.00029791567604274197,1.1966662479291936e-05,24.895469104963805
10815,0,37,30,0.0021541417,0.055128463,1.0,4.7655878901015955e-05,3.209103094559994e-06,14.850217489678418,4.861608042674279e-05,1.8711080317700168e-05,2.5982508546421723,8.261397641907017e-05,7.141934407154755e-06,11.567451016675243
10815,3,37,30,0.0007556236,0.060746323,1.0,1.674166387863737e-05,7.495681888213325e-07,22.335077886593616,1.7197220208734715e-05,5.556721723047959e-06,3.0948499971493515,2.9789342056686932e-05,1.6949737393608058e-06,17.575105362942576
10815,6,37,30,0.00037856604,0.034147047,1.0,8.393175661650057e-06,2.910506724482641e-07,28.837506510630007,8.362443572729185e-06,4.557237789495265e-06,1.8349807403083445,1.5203505622136568e-05,5.70080077513324e-07,26.669070226859894
10815,9,37,30,0.00042295392,0.013917056,0.0,9.310342312067e-06,1.3295059702389626e-06,7.002858595959204,9.123106045776665e-06,6.630578005185323e-06,1.3759141418202314,1.6606308326637384e-05,1.0167717547681102e-06,16.332385561226275
10815,12,37,30,0.00051495596,0.013710506,0.0,1.1309385369679482e-05,2.011207433839574e-06,5.623181964919879,9.88594267467512e-06,1.6624395266790068e-05,0.5946647992919115,2.02574922251952e-05,1.1990062721837784e-06,16.895234574794802
10815,15,37,30,0.0020687385,0.04092234,0.0,4.5387873577603116e-05,8.761425405220893e-06,5.18042116189869,3.681535036333393e-05,8.708231199129627e-05,0.42276496249908435,7.934312086841661e-05,6.854320265241826e-06,11.575636649306366
10815,18,37,30,0.0007825545,0.03897868,0.0,1.7200251623272143e-05,2.847735624753856e-06,6.039974874689728,1.7000802998171425e-05,1.1420133999718037e-05,1.488669309711355,3.059028845167257e-05,2.0161502950569266e-06,15.172623056263197
10815,21,37,30,0.00032187847,0.110814236,0.0,7.121223977287132e-06,4.7445806513925984e-07,15.0091746784765,7.137748340035761e-06,3.6821704819727894e-06,1.9384622127033029,1.26370809219911e-05,7.745212935646793e-07,16.315989020559826
10815,24,37,30,0.00026591413,0.080137484,0.0,5.890281928255117e-06,2.838084018460076e-07,20.75443112304738,5.927676070645053e-06,2.8252861683210014e-06,2.0980798819992543,1.0553207291686395e-05,5.265473740226972e-07,20.042275039874177
10815,27,37,30,0.00075153995,0.01754635,1.0,1.6606794870581265e-05,1.4113944181289837e-06,11.76623249835158,1.5966046659944743e-05,1.3494332118810743e-05,1.1831668673463651,2.9962893339196138e-05,1.3512713454098517e-06,22.17385386064569
10815,30,37,30,0.0012518545,0.011074199,1.0,2.767907349580907e-05,2.09867505588553e-06,13.188832362678443,2.8272161274946986e-05,1.0737259821881797e-05,2.6330890510193545,4.869774214280197e-05,3.4628550438257195e-06,14.06288785597023
10815,33,37,30,0.001212313,0.060630303,1.0,2.6772459867748062e-05,2.5174293690448046e-06,10.63484052301591,2.6956355016575247e-05,1.3357678576606162e-05,2.018041897174034,4.6856098663289256e-05,3.6569422598689632e-06,12.812917277224996
10815,36,37,30,0.00070410536,0.0063033244,1.0,1.5502347705586788e-05,2.1665344045335463e-06,7.155366502903255,1.4123214760222264e-05,1.848837167261181e-05,0.76389716792334,2.7413144531254084e-05,1.9245742172878393e-06,14.243745076189064
10951,0,47,30,0.015824616,0.103210755,1.0,0.0003500770919291938,2.371596666085201e-05,14.761240683773886,0.00035337835654466115,0.00016378767698675112,2.1575393402352616,0.0006489402659764401,1.0418777223404684e-05,62.28564562438903
10951,3,47,30,0.010339916,0.25824153,1.0,0.0002282323725701462,2.3152994341682165e-05,9.857574756940235,0.000241163193248671,3.5176938706240434e-05,6.855718607653836,0.0004212489392112217,9.58088365051268e-06,43.96765001824027
10951,6,47,30,0.007404925,0.08988314,1.0,0.00016389439280801288,9.892292005767915e-06,16.567888686711907,0.00017271957186665163,2.51170889964194e-05,6.876576019270144,0.00030001919602389926,8.519326991845951e-06,35.21630245100989
10951,9,47,30,0.024054974,0.07544641,1.0,0.0005342069035554868,5.221060617582297e-06,102.31769800881197,0.0005679456655512194,3.35426481164057e-05,16.932046139596157,0.0009964332379162276,5.857338827507718e-06,170.1170561000664
10951,12,47,30,0.00723477,0.11382652,1.0,0.00016047692264135565,4.436178187492193e-06,36.17458899505444,0.0001682022326051842,2.837938066762417e-05,5.926916960420953,0.0002991358440298332,2.3129081961452213e-06,129.33321111853212
10951,15,47,30,0.013083618,0.062051263,0.0,0.00029040538387446025,5.125396233297651e-06,56.66008453898891,0.00028709755660111117,0.00017092018096732245,1.6797171344909834,0.0005424485504160065,2.702218877768703e-06,200.74189951034657
10951,18,47,30,0.012554435,0.016206032,0.0,0.000278584126515119,6.04975725477764e-06,46.04881068494349,0.0002634052896975013,0.00024856879960827197,1.0596876603685204,0.0005184141738032235,4.687283069471776e-06,110.60014215476966
10951,21,47,30,0.010659514,0.050240386,0.0,0.00023643664250214098,6.621593600879009e-06,35.706909356496034,0.00024055612011990448,9.269277472716545e-05,2.5951981783689635,0.00043750493457545334,6.641469316170791e-06,65.87472044931488
10951,24,47,30,0.0014743858,0.20512079,0.0,3.199561776322168e-05,1.1527666456194258e-05,2.7755502715841684,3.1733470056858355e-05,2.3596676054251232e-05,1.3448279742409388,5.4459346506264486e-05,6.973395106800441e-06,7.809588539326539
10951,27,47,30,0.003330894,0.1191818,0.0,7.2944335519969e-05,1.6132937415835386e-05,4.521454068765557,7.728377331758117e-05,1.4162571884617107e-05,5.456902457210058,0.00013002021826167737,8.767028015243926e-06,14.830592309685896
10951,30,47,30,0.0026982785,0.17136443,0.0,5.9457191503055774e-05,7.5682755921451785e-06,7.856108142357303,6.130722887759761e-05,2.0562471925807668e-05,2.981510642241985,0.0001068726079759842,5.555660541263498e-06,19.236705911423208
10951,33,47,30,0.0026583106,0.07490858,0.0,5.819002981824469e-05,1.325309879994519e-05,4.39067350938977,6.087215040618606e-05,1.694672019350536e-05,3.591972352828167,0.0001019628800943819,8.800063164820036e-06,11.586607753225948
10951,36,47,30,0.0035151888,0.037018698,0.0,7.767513845799155e-05,6.602531057648828e-06,11.764448781805774,8.191766235348912e-05,1.244116748933716e-05,6.584403145741552,0.00014128794542151875,5.178255569421531e-06,27.284853659183565
10951,39,47,30,0.0037590975,0.10397095,0.0,8.261152185725066e-05,1.3859766533672095e-05,5.960527665206135,8.7463075303401e-05,1.4274770072408919e-05,6.1271092185543905,0.00014899144934504317,7.637624954010832e-06,19.507562919386558
10951,42,47,30,0.004506455,0.05816693,1.0,9.952135486985698e-05,9.331078685463551e-06,10.665578785108373,0.00010525306455412427,1.4304248987789385e-05,7.358167817406704,0.00018125858146012704,6.5103437565377855e-06,27.84162991057184
10951,45,47,30,0.0040541743,0.037113603,1.0,8.923445516906522e-05,1.2874659626465329e-05,6.931014703148628,9.432303764516128e-05,1.54344800650928e-05,6.111189832593442,0.0001638020177149783,5.121918180327098e-06,31.980600225932836
11212,0,36,30,0.0038967924,0.031141901,1.0,8.631963213888635e-05,4.136361416856055e-06,20.868493692820426,7.429034069576603e-05,0.00012943303687971335,0.5739673771604898,0.00015541890882610207,6.9474466114168405e-06,22.370651768766372
11212,3,36,30,0.0038748304,0.07929189,1.0,8.575972243934114e-05,5.214228860563348e-06,16.447249388680575,7.04550130202687e-05,0.00015261994158345934,0.46163700686348896,0.00015791756214116672,3.5336960401683162e-06,44.68906220175203
11212,6,36,30,0.002417691,0.035802785,1.0,5.353781509637438e-05,2.8297912301022675e-06,18.91935155034018,4.637194055305862e-05,7.834492496644866e-05,0.5918946322677249,9.802894578301217e-05,2.7081814264525586e-06,36.19733331951105
11212,9,36,30,0.0016523772,0.021184461,1.0,3.652493833251466e-05,2.91830438093965e-06,12.515808347844162,3.414494986020479e-05,3.638154066289622e-05,0.9385240217445652,6.61006054543606e-05,2.748441966721839e-06,24.05020962956735
11212,12,36,30,0.0010604326,0.014419135,1.0,2.3399640947086e-05,2.4829417531870072e-06,9.424160239381827,2.1920788045156816e-05,2.3293261663640732e-05,0.9410785128204584,4.144346726563263e-05,2.741227229301988e-06,15.118581496137253
11212,15,36,30,0.0013737238,0.014507423,1.0,3.014682633741697e-05,5.7055408522523855e-06,5.283780647283572,2.764175363900027e-05,3.546169248375158e-05,0.7794820749648547,5.385298982815321e-05,3.385502161035162e-06,15.90694297819823
11212,18,36,30,0.0024542594,0.01836162,1.0,5.414456828949243e-05,5.917979707996966e-06,9.149164235275574,5.420798448249689e-05,2.958736064771352e-05,1.8321331573955728,9.819211895749176e-05,4.0686940488061595e-06,24.133571553826563
11212,21,36,30,0.0047350377,0.024463728,0.0,0.00010491621738873642,4.602673786024048e-06,22.794623791786634,0.00010657181550709152,4.3170258758894515e-05,2.4686397202827552,0.00018824974446935393,9.043497357779853e-06,20.81603355668681
11212,24,36,30,0.0038870813,0.08967614,0.0,8.593920450803722e-05,6.605658387021564e-06,13.009937764399968,7.62948907032977e-05,0.00011378262808070596,0.6705319783014835,0.00015677471793656107,5.18699781438639e-06,30.224558318058047
11212,27,36,30,0.0029035488,0.06333076,0.0,6.37342322350798e-05,1.1836144222432892e-05,5.384712372318439,5.551433019109211e-05,9.532450253667014e-05,0.5823720944123096,0.00011537428413167676,5.606919336901946e-06,20.57712572612571
11212,30,36,30,0.002680175,0.047721267,0.0,5.9076312516019466e-05,7.247107130441501e-06,8.151709565306298,5.586291338920708e-05,5.565550371091715e-05,1.003726669681533,0.00010736025051560093,4.313723843240755e-06,24.888067576190693
11212,33,36,30,0.002222972,0.022792133,1.0,4.912128760565058e-05,4.171264334415442e-06,11.776114786198127,4.824925653124175e-05,3.2750493490894785e-05,1.4732375420436303,8.821820045413294e-05,4.405621848263802e-06,20.024006483647383
12082,0,47,30,0.0066667376,0.0916459,1.0,0.0001473346775166603,1.2225865842090698e-05,12.051062838381775,0.00013347796130363222,0.00017677728517057206,0.7550628530969892,0.00027170272733064284,6.078026243356548e-06,44.70246037973618
12082,3,47,30,0.0034379829,0.07979258,1.0,7.542053018956759e-05,1.4686293636223699e-05,5.135436622589588,7.902433156440848e-05,1.9826802289009614e-05,3.9857325660736134,0.00013592154419849177,7.327736611475432e-06,18.548912359327296
12082,6,47,30,0.00831517,0.16147467,1.0,0.0001845158828100215,3.98532499004901e-06,46.29882964895979,0.00019561125463493572,1.6583001125635928e-05,11.795889848462782,0.00034232972770094203,4.135718191604416e-06,82.77394924922052
12082,9,47,30,0.006705531,0.13205591,1.0,0.00014879104319218847,3.311446878022571e-06,44.93233582567357,0.00015522241450225782,3.1031645864620176e-05,5.002068378178746,0.00027703651747471323,2.3606193703929437e-06,117.35755494906336
12082,12,47,30,0.01131711,0.019919224,0.0,0.0002510457799984956,6.68292840212345e-06,37.5652356111922,0.00025214285800185556,0.00012118480817679014,2.0806474160855015,0.00046828862494362064,3.2575786038240165e-06,143.75359182243662
12082,15,47,30,0.0047805225,0.12381131,0.0,0.00010577341630469817,6.906317528801943e-06,15.31545803730906,0.00010594356981180463,5.514879236700477e-05,1.9210496778745443,0.0001925793704615434,6.6090748008659125e-06,29.138627760168777
12082,18,47,30,0.0038993102,0.05385421,0.0,8.534070852019776e-05,1.9659486558353462e-05,4.3409428962902314,8.909411916308852e-05,2.622622303904033e-05,3.397138773298126,0.00015574206604396308,6.729198251201921e-06,23.144223164497426
12082,21,47,30,0.0013603779,0.13878343,0.0,2.664841285149165e-05,5.373308242911966e-05,0.49594052019338525,2.7520424107215452e-05,3.408666885023902e-05,0.8073661943361906,4.331284355395223e-05,1.3369565846234579e-05,3.239659690681049
12082,24,47,30,0.006723363,0.10479968,0.0,0.00014670060646771713,4.061204505753678e-05,3.6122437631466293,0.0001539172241618982,4.314000190335975e-05,3.5678539028972804,0.00026690359840813384,1.3236544351027936e-05,20.16414491048084
12082,27,47,30,0.0064760875,0.015802741,0.0,0.00014235785033850284,2.332829282401892e-05,6.102368973692346,0.00014860152968224264,3.913731617508225e-05,3.7969269281896625,0.0002548936951695566,1.4943310818138604e-05,17.05737759668089
12082,30,47,30,0.006255125,0.107478224,0.0,0.00013826104683347865,1.1126081090493385e-05,12.426751675539647,0.00014594085199273038,2.09349278472236e-05,6.9711657502600435,0.0002486160148124787,1.2014208136605382e-05,20.693499894927346
12082,33,47,30,0.004339434,0.113185614,0.0,9.5356196734822e-05,1.6135163639375322e-05,5.90983759855526,0.00010078906693528388,1.771558878386529e-05,5.689286885405631,0.0001719245356028837,8.885228729829458e-06,19.349477749030733
12082,36,47,30,0.00373615,0.015126764,1.0,8.133597189810635e-05,2.5343809785225977e-05,3.209303281052901,8.504464265728878e-05,2.737919552738918e-05,3.106177556320569,0.0001449832580933682,1.0689665438734438e-05,13.562936924855988
12082,39,47,30,0.005110626,0.08946215,1.0,0.00011309832649667257,7.067209376301976e-06,16.00325113840804,0.00011988214222310555,1.2596057851456535e-05,9.517433441228842,0.00020952626536525286,3.416497988045989e-06,61.32778830790064
12082,42,47,30,0.00294921,0.10470703,1.0,6.500969675906426e-05,7.924522787703778e-06,8.203610299403476,6.85297853883486e-05,1.1826489368393676e-05,5.794600853529251,0.00012027258259065758,2.6111641810509034e-06,46.06090396899211
12082,45,47,30,0.0034782297,0.016269872,1.0,7.673788054313422e-05,8.341618579118934e-06,9.199399351011744,7.988894790916043e-05,2.0482277998943108e-05,3.900393692209564,0.0001421522800891642,2.773948251602319e-06,51.24546934394058
12725,0,46,30,0.0021077187,0.031353176,1.0,4.665485981091751e-05,2.7500320136595624e-06,16.965206070031265,4.619613925673333e-05,2.791348979157772e-05,1.6549754115901336,8.307784000967097e-05,4.743776137506789e-06,17.513018658872596
12725,3,46,30,0.00054251443,0.10114614,1.0,1.1975592563486946e-05,1.204258586188044e-06,9.944369673455636,1.179138602199445e-05,7.879371365284976e-06,1.4964881683258477,2.0895797988488594e-05,1.7089703913229367e-06,12.2271269851041
12725,6,46,30,0.00076857756,0.08245078,1.0,1.7016255763690772e-05,9.486983784869185e-07,17.936423366539366,1.6520762377655388e-05,1.2450930773336527e-05,1.3268696676905747,2.9714595050188814e-05,2.309471804042246e-06,12.866403044271703
12725,9,46,30,0.0005354155,0.059235707,1.0,1.181794307689031e-05,1.20266716153483e-06,9.826445299968436,9.981174420962167e-06,1.9367685710709564e-05,0.515351940859045,2.0745544375829593e-05,1.5634322885315934e-06,13.269231119253792
12725,12,46,30,0.0006608934,0.021826837,1.0,1.4524541801666945e-05,2.4296614969660757e-06,5.978010442937741,1.0847334558364983e-05,3.421755235243024e-05,0.31701082668452674,2.599300610252776e-05,1.5442174627185211e-06,16.832477763053085
12725,15,46,30,0.0008964347,0.020373967,1.0,1.961167251097071e-05,4.636474040657172e-06,4.229867856262376,1.7107890466218283e-05,2.965054758908093e-05,0.5769839634435086,3.479577995407866e-05,2.55566525907357e-06,13.615155517938272
12725,18,46,30,0.003372914,0.038602386,0.0,7.423169742817175e-05,1.0829179806226153e-05,6.854784827332242,7.432386620543165e-05,4.188525717637955e-05,1.774463647016719,0.0001282070684655891,1.2331011688011195e-05,10.397124883941048
12725,21,46,30,0.0023288752,0.07273592,0.0,5.134669457834662e-05,6.091330203419182e-06,8.42947153801065,5.1866041470084834e-05,2.5083584148715463e-05,2.0677284857930047,8.847503398569384e-05,8.561434624133471e-06,10.334136493467492
12725,24,46,30,0.00033006087,0.120395,0.0,7.2703833251677424e-06,9.645425377381209e-07,7.537649238588267,7.127862440924346e-06,5.1151091211567e-06,1.3934917656873944,1.2574116279891074e-05,1.1784202720157053e-06,10.670315657743108
12725,27,46,30,0.0003058298,0.055257384,0.0,6.7550872553286665e-06,6.169524759108909e-07,10.94912091138821,6.6299268524931115e-06,4.5621426854686655e-06,1.453248464501286,1.157167595470102e-05,1.171231708529089e-06,9.8799203184428
12725,30,46,30,0.00030059292,0.0408443,0.0,6.6018402906292196e-06,1.1700404539715844e-06,5.64240344700898,6.3248382469094e-06,5.824954678339141e-06,1.0858175893503759,1.169383356037565e-05,8.308720413005867e-07,14.07416904060338
12725,33,46,30,0.00053955166,0.016940957,0.0,1.1749420516174735e-05,3.6092535394255036e-06,3.2553602532575,9.548202234780486e-06,2.308786499755986e-05,0.41355934105598885,2.094291240866335e-05,1.5384077515924676e-06,13.613369008953901
12725,36,46,30,0.00087726954,0.015286769,1.0,1.938476966668145e-05,1.6516249120958665e-06,11.736786920998128,1.890704909053357e-05,1.386224132242382e-05,1.3639243936656316,3.394217086374829e-05,2.6107253752914167e-06,13.001049894020188
12725,39,46,30,0.001182742,0.02600787,1.0,2.6203605187747182e-05,1.193213506039665e-06,21.960533513166684,2.6322857916891967e-05,1.2863640242879907e-05,2.0462992916380576,4.616002025289259e-05,3.1208911623883277e-06,14.790653647007563
12725,42,46,30,0.00083625846,0.059162915,1.0,1.8493029480437345e-05,1.3573553789150995e-06,13.62430927648319,1.7432781016038872e-05,1.7346931680465517e-05,1.0049489637219262,3.377516769193997e-05,1.0689320062444348e-06,31.597115152913233
12725,45,46,30,0.000836212,0.0,1.0,1.8520636786042294e-05,9.278071708399889e-07,19.96173059244052,1.691522498453108e-05,2.096210458901963e-05,0.8069430677963325,3.3926671168156744e-05,9.154987020275545e-07,37.05813136929562
13700,0,39,30,0.0032419309,0.030057646,1.0,7.180314984084461e-05,3.5963328213578936e-06,19.965657631690878,6.549671597080123e-05,8.184477842140497e-05,0.8002552787615805,0.00013006994451578713,5.010503038466253e-06,25.959458265412486
13700,3,39,30,0.0015641782,0.028715352,1.0,3.4690850884061575e-05,1.0299911355785587e-06,33.68072761575302,3.4431085421100494e-05,1.9678779250547583e-05,1.7496555544797023,6.217807452323524e-05,2.996019776327525e-06,20.75355944394071
13700,6,39,30,0.0010523355,0.042538118,1.0,2.3301193406630886e-05,1.260611092613572e-06,18.484045986237913,2.3885983826027135e-05,8.187369313848515e-06,2.9174186372202873,4.171459097538605e-05,2.1327230486235667e-06,19.559309870218794
13700,9,39,30,0.0005446996,0.045456856,1.0,1.1963927819927008e-05,2.1076026166572058e-06,5.676557679977914,1.0970124503480015e-05,1.3992388433421074e-05,0.784006572979183,2.1394923020555115e-05,1.3008919688901804e-06,16.446348760848753
13700,12,39,30,0.00033611283,0.017960265,0.0,7.419281783097255e-06,7.483854489532955e-07,9.913717314351834,7.012636244012184e-06,6.930352389620766e-06,1.0118729683233207,1.3154450590227625e-05,8.502509341988903e-07,15.47125685033419
13700,15,39,30,0.0008890892,0.0458724,0.0,1.9448546899802566e-05,4.6348568079902145e-06,4.196148382895981,1.8013071260263253e-05,2.2090031330671578e-05,0.8154389186063514,3.436784129567931e-05,2.677541242449277e-06,12.8355973573133
13700,18,39,30,0.0007217928,0.07972018,0.0,1.58968348268792e-05,2.14507768826971e-06,7.4108433991974,1.4598047772534756e-05,1.8112465637985562e-05,0.8059668994992957,2.8711674352374224e-05,1.3630256590579895e-06,21.064661667644142
13700,21,39,30,0.00075307686,0.085209094,0.0,1.666658146776967e-05,1.02692236622435e-06,16.229641125693966,1.6608682660741616e-05,9.25204356619338e-06,1.7951366681226102,3.0021729903044854e-05,1.3564756448013156e-06,22.132155500250185
13700,24,39,30,0.00056705996,0.059839737,0.0,1.2557048617802597e-05,6.642632364684626e-07,18.90372359693095,1.2852036242383887e-05,4.545742555066524e-06,2.827268831592643,2.263181219900992e-05,9.956868639285145e-07,22.72984913119711
13700,27,39,30,0.0010213997,0.044754438,0.0,2.2426423770605112e-05,4.070213581607259e-06,5.509888687892712,2.138376773600965e-05,2.0546910918274394e-05,1.0407290819074393,3.9968393585695476e-05,2.589927681890011e-06,15.432243095115448
13700,30,39,30,0.0017031434,0.030710137,1.0,3.776656637300266e-05,1.2159963450856436e-06,31.05812490772144,3.552837932725606e-05,3.5158590679270346e-05,1.0105177323903298,6.781635478708879e-05,3.147956705426897e-06,21.54297569282871
13700,33,39,30,0.0016287431,0.058551498,1.0,3.5898429519735806e-05,4.437941860159859e-06,8.088981480808023,3.4456827461072335e-05,3.0259400100592102e-05,1.1387148240390297,6.369144285266408e-05,4.172855229360525e-06,15.263276426300695
13700,36,39,30,0.0045554787,0.009179322,1.0,0.00010065204082332736,8.712258223066867e-06,11.552922129516046,9.668139002587873e-05,8.247670510533733e-05,1.1722266293543069,0.00018081537033804554,8.996238483576554e-06,20.098997005041646
16293,0,31,30,0.0025929422,0.045486625,1.0,5.723173498382617e-05,5.838017661435578e-06,9.803282261697166,5.636045470735055e-05,3.763383825796022e-05,1.4976004924352706,0.00010108734105240701,6.951914249946508e-06,14.54093612463428
16293,3,31,30,0.0019593784,0.2558385,1.0,4.3358870153632526e-05,2.7430753839120357e-06,15.806663720555974,4.0863229398588577e-05,4.052045805407992e-05,1.0084592169232436,7.741930042283334e-05,4.221465538216664e-06,18.339436795577566
16293,6,31,30,0.0017428244,0.11016019,1.0,3.8265416958262426e-05,6.9602120390236695e-06,5.497737244744922,3.330499013763803e-05,5.733580224301383e-05,0.580875976871783,6.874197508425284e-05,3.87570821736717e-06,17.736622890293418
16293,9,31,30,0.0013575221,0.029653711,0.0,2.989263967466858e-05,4.117776332920134e-06,7.259413153572165,2.708645081022208e-05,3.664853005491983e-05,0.7390869639145567,5.238853479227566e-05,4.174886639342938e-06,12.548492765906763
16293,12,31,30,0.0018760734,0.035450894,0.0,4.151537654086662e-05,2.627118207986441e-06,15.802629822540855,3.824564458667038e-05,4.4959371053800195e-05,0.8506712547402876,7.46652445267714e-05,3.504476263351833e-06,21.305678485423186
16293,15,31,30,0.0022900712,0.12993799,0.0,5.04820298165385e-05,6.126649644934038e-06,8.239744842971515,4.612266892330023e-05,5.881986598340418e-05,0.7841342062274264,9.071852199886775e-05,4.701115112758716e-06,19.29723476727039
16293,18,31,30,0.0029712797,0.12752216,1.0,6.558211680346624e-05,6.694683974715344e-06,9.796148264975386,6.246066362951866e-05,5.798857260672392e-05,1.077120212168771,0.00011534588988293747,8.45741462040115e-06,13.63843385479739
16293,21,31,30,0.004289199,0.12419929,1.0,9.501181277734943e-05,4.555792449599166e-06,20.85516709298486,9.343094260787677e-05,6.084989379978286e-05,1.5354331252458189,0.00017031436867020864,8.402254343521445e-06,20.270080112669937
16293,24,31,30,0.003270821,0.15200783,1.0,7.217280043127844e-05,7.681689643769664e-06,9.395433007348213,6.925550223232349e-05,6.034833243020861e-05,1.1475959557360729,0.00012528332544842972,1.1000886565688547e-05,11.388475346994747
16293,27,31,30,0.0016331475,0.11583067,1.0,3.608070321382498e-05,3.1719637205611246e-06,11.374878905437876,3.366833468683218e-05,3.6512913156142605e-05,0.9220939053220442,6.403645712998418e-05,4.011356861007782e-06,15.963789647450156
16293,30,31,30,0.0017402543,0.038940948,1.0,3.847586209422855e-05,2.946858031559082e-06,13.056571331966165,3.686126450858574e-05,3.2013543162393494e-05,1.1514272044678546,6.891663454705065e-05,3.593964133572759e-06,19.175660074977053
16751,0,46,30,0.003648467,0.03524231,1.0,8.083581780991985e-05,3.618501514036371e-06,22.339583801845365,7.498642874420579e-05,8.317288312197646e-05,0.9015730359405132,0.00014552410699286326,6.495364089991006e-06,22.404303281028973
16751,3,46,30,0.004399799,0.04469975,1.0,9.748268999067267e-05,4.35913133501344e-06,22.36287060398287,9.429610968526728e-05,7.322697280068082e-05,1.2877237181705614,0.00017578237044734357,7.542564702044348e-06,23.305384493380515
16751,6,46,30,0.0039736703,0.117951244,1.0,8.808859920503749e-05,3.227832807401613e-06,27.290322783461733,8.701430182906819e-05,5.317829763800454e-05,1.6362746777151873,0.0001591293296295178,6.440272980852673e-06,24.70847588333896
16751,9,46,30,0.0016486156,0.091084935,1.0,3.647185922853067e-05,2.4606154649334803e-06,14.822250671953995,3.239479095614844e-05,4.800571525340764e-05,0.6748111299903802,6.433922249615904e-05,4.353090490452637e-06,14.780125209266899
16751,12,46,30,0.0009149594,0.048218347,1.0,2.0107619722735198e-05,3.372206399257221e-06,5.9627488184484205,1.840044052738931e-05,2.3690167428417395e-05,0.7767121352345182,3.4658898213255095e-05,3.464414566780543e-06,10.004258308341942
16751,15,46,30,0.0016446393,0.022009488,1.0,3.559160888364899e-05,1.4338942320846159e-05,2.482164171335385,2.8690926874110508e-05,7.327004966901693e-05,0.39157782755322457,6.212345646651025e-05,6.4031779804373715e-06,9.701972466844797
16751,18,46,30,0.0015841939,0.009370965,0.0,3.490750387044795e-05,4.45205859001953e-06,7.840755723364103,3.206538106468367e-05,3.957464087058367e-05,0.8102507150865461,6.213463657761824e-05,3.873440503224118e-06,16.041200717011016
16751,21,46,30,0.0028642477,0.04067753,0.0,6.323817459862956e-05,6.176627682357234e-06,10.238301197797872,5.964670045653751e-05,5.984772013513774e-05,0.9966411472626473,0.00011174887857422897,7.594777258496117e-06,14.713911253844588
16751,24,46,30,0.0018480353,0.09019351,0.0,4.065536773911029e-05,6.1812413739965455e-06,6.577217306242183,3.8964520299683514e-05,3.52542366325408e-05,1.1052436252078142,7.102228049825097e-05,5.979189184330391e-06,11.878246081321267
16751,27,46,30,0.0021536755,0.2330914,0.0,4.753914961931902e-05,4.804610704882532e-06,9.894485222498648,4.399258273712096e-05,5.0997848337487165e-05,0.8626360556624344,8.445317097065941e-05,5.2833109036740715e-06,15.984895174715113
16751,30,46,30,0.0011379521,0.09004059,0.0,2.4994481847021906e-05,4.40015470397845e-06,5.680364334559161,2.225823076547818e-05,3.3851075846306197e-05,0.6575339249640711,4.339716047056691e-05,4.017512330596466e-06,10.801998077283782
16751,33,46,30,0.0007959929,0.052446127,0.0,1.749136398002908e-05,2.960518659235026e-06,5.908209335369873,1.6555286491357425e-05,1.6778483740333598e-05,0.9866974124461776,2.9844810825269896e-05,3.321561469689004e-06,8.985174923787952
16751,36,46,30,0.0016538445,0.032280505,0.0,3.6251555207115236e-05,7.5081734870331415e-06,4.828278844345145,3.234224699440825e-05,4.9245021836023014e-05,0.6567617555760675,6.452602530138371e-05,4.384162397836495e-06,14.717982466440143
16751,39,46,30,0.0031178389,0.013074734,1.0,6.874853959363338e-05,8.051494783049116e-06,8.538605742919971,6.419582519918979e-05,7.026901794944644e-05,0.9135722552060442,0.00012318887263026092,6.721075955682818e-06,18.32874281477239
16751,42,46,30,0.0019876962,0.01300772,1.0,4.3702759659318946e-05,7.02403276651226e-06,6.2218900611734025,4.138687714458424e-05,4.1574573816058565e-05,0.9954853013694196,7.626505148863154e-05,6.555626968405531e-06,11.633525192355604
16751,45,46,30,0.0016779108,0.14599594,1.0,3.6917083909000054e-05,5.54734095325121e-06,6.65491525040723,3.4188907614034105e-05,4.0329446495887294e-05,0.847740561416349,6.552779671730638e-05,4.385153231225114e-06,14.943103071223668
16842,0,31,30,0.0032933499,0.048123054,1.0,7.287846635797337e-05,4.606278692458251e-06,15.821549503136996,7.059098849702256e-05,5.4754717551871536e-05,1.2892220369897558,0.00013024013504591594,6.982774211841391e-06,18.65163201540366
16842,3,31,30,0.0024060905,0.0660356,1.0,5.3319207125761606e-05,2.2421001030310825e-06,23.78092175888118,5.414674749005949e-05,2.198787106431124e-05,2.462573449320688,9.538349570743016e-05,4.870280166251772e-06,19.584806715716823
16842,6,31,30,0.001758626,0.0976084,1.0,3.8974739218604036e-05,1.5875724034526267e-06,24.549897147268627,3.879809929303806e-05,2.151763528999019e-05,1.8030837854699855,7.001300303310549e-05,3.2630795522086645e-06,21.456112826215385
16842,9,31,30,0.00042859596,0.10832899,1.0,9.447023094761752e-06,1.1599734237597902e-06,8.144172013994401,9.290065048934317e-06,6.402204580052813e-06,1.451072819178434,1.678918240772094e-05,1.0689825729273155e-06,15.70575875876557
16842,12,31,30,0.00048561668,0.06968629,1.0,1.0732059896385076e-05,8.913411353022104e-07,12.040350738156336,1.0522039979613409e-05,7.281839933245315e-06,1.44496996309613,1.964790263007883e-05,5.861273175559607e-07,33.52156100146781
16842,15,31,30,0.0012804155,0.021013966,1.0,2.8382674939632968e-05,1.0650112851739195e-06,26.650116608856397,2.908911901197017e-05,9.778734606043039e-06,2.9747324356255405,5.076889802969156e-05,2.5817438927669885e-06,19.664575627321387
16842,18,31,30,0.00035648688,0.067457005,1.0,7.851940331723672e-06,1.0498536591558302e-06,7.479080787352102,7.74876968524499e-06,5.173091520790523e-06,1.4978992067128296,1.4094160680047341e-05,7.594591493290227e-07,18.558155093001965
16842,21,31,30,0.0007182914,0.061418425,1.0,1.589948302536862e-05,9.382111669863172e-07,16.946593245569947,1.627394801060208e-05,5.797592199543235e-06,2.807018405310437,2.725589833267058e-05,2.672908735768868e-06,10.197092765619757
16842,24,31,30,0.001107182,0.009229929,1.0,2.4523487689170876e-05,1.208315014370924e-06,20.29560784853638,2.551058805272032e-05,5.956198806924794e-06,4.28303165822155,4.131470674524965e-05,4.817872048742108e-06,8.575301777895172
16842,27,31,30,0.00031730012,0.07139804,1.0,6.964410388452368e-06,1.3005454020467313e-06,5.354992126758618,6.753267518931731e-06,5.610477981894008e-06,1.2036884452137062,1.2005437711325037e-05,1.215399942278995e-06,9.877767221885543
16842,30,31,30,0.0002388675,0.0031891977,1.0,5.261275550280388e-06,7.033727493395205e-07,7.4800673685763615,4.6681071414531395e-06,7.134503011600686e-06,0.6543002552333088,9.426688888657056e-06,5.261243617861115e-07,17.917225609274
16861,0,48,30,0.0024232562,0.25889742,1.0,5.230138715199683e-05,2.3231197677236706e-05,2.2513426935041236,5.021581797007174e-05,5.236527668809238e-05,0.9589525950407245,8.71732262604796e-05,1.3795774359169036e-05,6.318835318043744
16861,3,48,30,0.0059532747,0.09837099,1.0,0.00013173078326405668,8.463153531018e-06,15.565212515790353,0.00012672466019622805,0.00010513982987233773,1.2052964166871767,0.00023900741054485656,9.045702266626969e-06,26.422206203563174
16861,6,48,30,0.0013052584,0.039000336,1.0,2.8732623266081807e-05,4.096778685265243e-06,7.013467280872052,2.8865046310702623e-05,1.54877396633278e-05,1.8637352472452708,5.047215951543515e-05,3.913606444126395e-06,12.896585345515412
16861,9,48,30,0.00082147797,0.034925357,1.0,1.8035309472299962e-05,3.2963470622659602e-06,5.471301756648831,1.8223110222549148e-05,9.351223015538619e-06,1.9487408430179034,3.194170992752333e-05,2.286538715822341e-06,13.969459474485944
16861,12,48,30,0.0009024873,0.023946283,1.0,1.978190019234149e-05,4.100605806976876e-06,4.824140901006397,1.9885424970268625e-05,1.1216579554169245e-05,1.7728599769862228,3.380378199927298e-05,3.799856587239424e-06,8.89606784445285
16861,15,48,30,0.00094617106,0.01684034,1.0,2.081079017084519e-05,3.228489213256857e-06,6.445984110893634,2.0710750942764602e-05,1.2719914288615138e-05,1.6282146618945068,3.41631784584698e-05,5.260614263522028e-06,6.494142460769829
16861,18,48,30,0.001513259,0.012140211,1.0,3.336812878075995e-05,3.897743063397417e-06,8.560884655048314,3.352332476030373e-05,1.754656406527218e-05,1.9105349990801017,5.584124514779769e-05,7.211214199051897e-06,7.743667516510532
16861,21,48,30,0.0024179937,0.006918943,0.0,5.3429677067952735e-05,4.55279752799119e-06,11.735570655066505,5.10220455923624e-05,4.584465762710436e-05,1.1129332889203878,9.65669592189076e-05,4.182784974502694e-06,23.086761525528527
16861,24,48,30,0.0021625161,0.007413446,0.0,4.776866704779712e-05,4.3087171587574615e-06,11.086517236506781,4.6183410020293815e-05,3.713549129580039e-05,1.243646129585921,8.639843766908077e-05,3.7064026903835213e-06,23.310591127414884
16861,27,48,30,0.005306365,0.043342017,0.0,0.00011714640060777842,1.1592316334624392e-05,10.105521383839474,0.0001241613929612411,1.526441199696248e-05,8.134043616350791,0.00020912855700450203,1.196998367691053e-05,17.471081218590136
16861,30,48,30,0.010058986,0.066825666,0.0,0.0002220925201784926,2.1607391728995312e-05,10.278543702267545,0.00023045227523603575,6.333167055094185e-05,3.6388156704419754,0.0004072733282303705,1.1851071070427621e-05,34.365951044429515
16861,33,48,30,0.0019817404,0.043075085,0.0,4.27184026388172e-05,1.9804168993617178e-05,2.1570409065174716,4.36998608897908e-05,2.4391078059401964e-05,1.7916330218518541,6.980853515740321e-05,1.2763990914581181e-05,5.469177753617494
16861,36,48,30,0.0017414514,0.011426147,0.0,3.71898822792506e-05,2.2635643761875272e-05,1.6429787758848158,3.8579419770747666e-05,2.0186000580083473e-05,1.911196802838303,5.634117833535789e-05,1.6219306408471385e-05,3.473710707255074
16861,39,48,30,0.0014052759,0.0165147,0.0,3.040616534037115e-05,1.2332792118085508e-05,2.4654729479938142,3.164988640112625e-05,1.266343130394264e-05,2.4993136253104127,4.692400322243869e-05,1.162915580551791e-05,4.035030917736415
16861,42,48,30,0.0014617789,0.027595151,1.0,3.073671677636642e-05,2.6208906112138643e-05,1.1727584754913034,3.161261005994544e-05,2.2341558459199476e-05,1.4149688849001698,4.324814719855142e-05,1.7659310021152957e-05,2.449028141345683
16861,45,48,30,0.0009723689,0.026917154,1.0,2.0269373603559743e-05,2.0082377791947928e-05,1.0093114377963146,2.0855137174547907e-05,1.6075530700836674e-05,1.2973218466412728,2.8900530199785312e-05,1.1614842530882695e-05,2.4882412415787574
17113,0,29,30,0.0027101617,0.058391012,1.0,6.015375121194362e-05,1.080908838567588e-06,55.651086442829815,6.268631249353398e-05,1.2889401054123056e-05,4.863399953986374,0.00010678696857909666,6.136428548118574e-06,17.402136721992388
17113,3,29,30,0.0008803662,0.06577192,1.0,1.9496977235881586e-05,1.00075028101738e-06,19.48235999100657,1.9569344665447016e-05,9.742291751491455e-06,2.0087003309515064,3.5587646689679695e-05,1.0942794127254536e-06,32.521535428546315
17113,6,29,30,0.00016157317,0.03461759,1.0,3.5800607505006193e-06,1.568141272333398e-07,22.829963177829512,3.5703884638239436e-06,1.93614344560371e-06,1.8440722829349345,6.408495183710025e-06,3.237204893828038e-07,19.796384207648636
17113,9,29,30,0.00034912903,0.023648199,1.0,7.691839167801835e-06,9.987441236483556e-07,7.701511313732674,7.232743705975334e-06,7.5589598785106e-06,0.956843775098917,1.3457716378005792e-05,1.0893250770786929e-06,12.35417843688694
17113,12,29,30,0.0008458136,0.010767768,0.0,1.8734088435211777e-05,9.265503195504604e-07,20.21918080423425,1.9144230027786442e-05,6.959328229358458e-06,2.7508732735187063,3.272862111816643e-05,2.5136134877994554e-06,13.020546427294486
17113,15,29,30,0.0019522716,0.031104716,0.0,4.333174015890436e-05,7.810973335147666e-07,55.47546803664152,4.568447570473057e-05,5.587269925426064e-06,8.17652920200501,7.549032533111763e-05,5.854324633517391e-06,12.894796591722585
17113,18,29,30,0.0004560231,0.042614076,0.0,1.0077148876441606e-05,8.504679727236377e-07,11.848945756498473,1.005018734614756e-05,5.652539136640952e-06,1.7779951811390609,1.8061240592518146e-05,9.39722047400321e-07,19.2197689119707
17113,21,29,30,0.0013980401,0.049227666,0.0,3.093745690117366e-05,1.9514873634172547e-06,15.85327042394935,3.102692611572018e-05,1.5818187630469775e-05,1.9614716199189963,5.5901956660359816e-05,2.3497109497679492e-06,23.790992958466035
17113,24,29,30,0.0017636295,0.064559914,1.0,3.9079005809677815e-05,1.6914464857264643e-06,23.103897249751686,3.963406811171193e-05,1.6499790033463287e-05,2.402095301293527,6.963038730860202e-05,3.854179395259701e-06,18.066202988434117
17113,27,29,30,0.0009389417,0.029659217,1.0,2.07669291586379e-05,1.4766007751132599e-06,14.06401073915528,2.0954611079254594e-05,9.807991522558725e-06,2.1364834004044817,3.753555940399556e-05,1.5870078653396577e-06,23.651779064095596
17723,0,39,30,0.0031283917,0.037592713,1.0,6.936765682282909e-05,2.2823879331448186e-06,30.392579550335224,6.868240262640694e-05,4.062180175294199e-05,1.6907768651948751,0.00012655247998054366,3.7971750539039848e-06,33.32806051446889
17723,3,39,30,0.0019389549,0.09754566,1.0,4.3024363969614254e-05,9.528264413905916e-07,45.15446056138287,4.3185075615037595e-05,2.0863613687539035e-05,2.0698751549847874,7.843339096463385e-05,2.356394783566701e-06,33.285335509831256
17723,6,39,30,0.0016201567,0.111110695,1.0,3.5943838740917775e-05,8.946391296361658e-07,40.176913294118386,3.57331456072276e-05,1.989409087110822e-05,1.7961688140834882,6.59138261227118e-05,1.5927014077135674e-06,41.384923629430105
17723,9,39,30,0.0013990983,0.033562306,0.0,3.094386952162718e-05,2.2080985990047296e-06,14.013807868713247,2.9254510763224678e-05,2.840149536913343e-05,1.0300341718985087,5.6611948181399685e-05,1.6838194965268696e-06,33.62115018751732
17723,12,39,30,0.0011736659,0.0140684,0.0,2.5992233618699155e-05,1.3384450557371849e-06,19.419724035203842,2.533530417682e-05,1.826384543037227e-05,1.3871834534192942,4.72061347702648e-05,1.696608896763257e-06,27.823816591038362
17723,15,39,30,0.0017853362,0.10256709,0.0,3.952347904632578e-05,2.259839885660405e-06,17.489504144571562,4.011021584390139e-05,1.678450188296388e-05,2.389717378781011,7.13368994624605e-05,3.0521037351079036e-06,23.37302583850036
17723,18,39,30,0.0016405416,0.21555834,0.0,3.635674217135055e-05,1.496057397840227e-06,24.301702744718693,3.4646283658204435e-05,3.089960937661819e-05,1.1212531276988038,6.605675908502767e-05,2.299139660984644e-06,28.731077196388227
17723,21,39,30,0.0014803018,0.14089386,0.0,3.2808186444838465e-05,1.3111545411043701e-06,25.022364196065336,3.19588710736924e-05,2.3004878090993867e-05,1.389221492384431,5.9642766243654954e-05,2.036477658055207e-06,29.28721854999997
17723,24,39,30,0.0029310705,0.02852373,0.0,6.47139908625359e-05,6.313651087312889e-06,10.249852259428291,5.6044362928363436e-05,9.620121651413175e-05,0.5825743681747584,0.00011778182943696878,4.3461098162001495e-06,27.100518490797523
17723,27,39,30,0.0022581976,0.047159996,1.0,4.9893880225390025e-05,4.324333423444849e-06,11.537935524324944,4.714154082042271e-05,4.6375482659188586e-05,1.0165186024448274,8.937895650654518e-05,4.7126105939917055e-06,18.965911722156285
17723,30,39,30,0.0023911216,0.084424116,1.0,5.284000917723907e-05,4.440394347100188e-06,11.899846060237058,5.270473135457395e-05,2.9587146520825488e-05,1.7813387755212116,9.530668400756623e-05,4.323382493144561e-06,22.044471928794355
17723,33,39,30,0.0042333757,0.15876898,1.0,9.352583604086002e-05,8.237674023125498e-06,11.35342765182336,8.529326914904964e-05,0.0001085097232746654,0.7860426381620285,0.00017049854172785682,5.892110101646422e-06,28.936754199520937
17723,36,39,30,0.0045042117,0.049396772,1.0,9.870722483143139e-05,2.079558913916561e-05,4.746546210875556,9.324014595438658e-05,9.802095912461222e-05,0.9512266232352625,0.00017694218778744014,1.0733307413889428e-05,16.485336808528213
21886,0,48,30,0.0013449922,0.19573608,1.0,2.891910936877731e-05,1.4544096351198546e-05,1.9883744352665917,2.8292631085773503e-05,2.6116950841014552e-05,1.083305293102678,4.808515859557054e-05,7.956183514786729e-06,6.043746792190413
21886,3,48,30,0.00551877,0.08661189,1.0,0.00012221883567538184,6.30739462596104e-06,19.377071346120143,0.00012245625209566897,6.260120020866141e-05,1.9561326570017759,0.00022161371147427848,8.335029745307612e-06,26.588232825328642
21886,6,48,30,0.001688482,0.039052393,1.0,3.690317975782115e-05,9.279663998478925e-06,3.976779737269596,3.776219190192288e-05,1.7078336869437887e-05,2.2111164682258537,5.8954664226925156e-05,1.1398755818799366e-05,5.172026242521516
21886,9,48,30,0.0013960549,0.018578466,1.0,3.070507420223358e-05,4.7754983856321295e-06,6.429710937525356,3.1172445141690766e-05,1.4468689717732564e-05,2.1544760271889984,5.2552028605495286e-05,5.616922821896699e-06,9.356017569020066
21886,12,48,30,0.00813571,0.018200269,0.0,0.0001803605753638975,6.494766420836972e-06,27.77014039877583,0.0001834284326453386,7.195266992227947e-05,2.549292928858248,0.00033027023999736955,8.71768461254282e-06,37.885087001448035
21886,15,48,30,0.01186065,0.04848204,0.0,0.0002625577717491182,1.5183538555425172e-05,17.29226496120726,0.0002743603577505408,5.625255314231364e-05,4.8772960945689885,0.0004800973275224078,1.4096436826616952e-05,34.05806257478386
21886,18,48,30,0.0068854652,0.03939447,0.0,0.0001525474224483097,6.943918344206917e-06,21.968493131198038,0.0001601477888386254,2.6543105664048383e-05,6.033498523706645,0.00027691405057353626,9.980356310070329e-06,27.745908259219746
21886,21,48,30,0.0012818144,0.030995717,0.0,2.78878779302966e-05,8.953335259772657e-06,3.114803268408462,2.8867549166896697e-05,1.1562907938833944e-05,2.4965648191269634,4.397324209132538e-05,9.43569593545233e-06,4.660307240943048
21886,24,48,30,0.0014289671,0.017363343,0.0,3.062353860853871e-05,1.6969285056452014e-05,1.8046451872699913,3.19862598564061e-05,1.4257363097423621e-05,2.243490583625957,4.451288256290602e-05,1.5027412960160574e-05,2.9621121533636474
21886,27,48,30,0.0014704927,0.013105362,0.0,3.156731773525834e-05,1.6654436440455814e-05,1.8954299563434749,3.284585913516521e-05,1.5161087288508952e-05,2.1664580191461655,4.6929902686806465e-05,1.4340622621859894e-05,3.272515003307432
21886,30,48,30,0.0013181907,0.023982637,1.0,2.774023757197784e-05,2.329334757444313e-05,1.190908154498743,2.872410400321935e-05,1.8629727554519866e-05,1.5418424085461426,4.1856338653327305e-05,1.306827524093654e-05,3.202896930285933
21886,33,48,30,0.0007595322,0.025491916,1.0,1.6466880570821106e-05,6.174200150089529e-06,2.6670467705168788,1.684355750508448e-05,8.683801820611675e-06,1.9396524532728274,2.5350754375629356e-05,6.296421713421407e-06,4.026216084223182
21886,36,48,30,0.0007747023,0.026326112,1.0,1.6824625263730664e-05,5.864704770048607e-06,2.8687932169501553,1.750204287412738e-05,6.602741744112627e-06,2.650723525531372,2.6322868606865795e-05,5.956391858885272e-06,4.419264083104175
21886,39,48,30,0.0008466756,0.023342542,1.0,1.8234585882662306e-05,8.706424999029619e-06,2.094382698374437,1.8805019568937952e-05,9.477469636916403e-06,1.984181462918025,2.885112150178084e-05,6.427030153089682e-06,4.489028495985999
21886,42,48,30,0.0006484954,0.03264074,1.0,1.3975120929494238e-05,6.538311314035979e-06,2.137420544582123,1.4296563165495869e-05,8.006620469753704e-06,1.785592712868486,2.237453495929738e-05,4.646105697758814e-06,4.815761072781964
21886,45,48,30,0.00074924703,0.021786077,1.0,1.6297080415446132e-05,5.292821433072282e-06,3.0790912978120812,1.681860631529298e-05,7.144269625331284e-06,2.354139358858967,2.6600459066665154e-05,4.618169391430375e-06,5.759957422961971
24266,0,25,30,0.0023165809,0.05496028,1.0,5.125697041666936e-05,3.339098392717203e-06,15.35054208898553,4.222639998452102e-05,9.05120274297317e-05,0.46652805360373967,9.276003373975338e-05,3.764173090591354e-06,24.642871490583
24266,3,25,30,0.001540802,0.16706015,1.0,3.4038585526544576e-05,3.0218894793752685e-06,11.264007422793489,2.5150746369941686e-05,8.074511159918012e-05,0.3114832077363438,6.152986924162482e-05,2.6702148055681606e-06,23.04304099929244
24266,6,25,30,0.0023925435,0.06762428,1.0,5.266372844595135e-05,7.558576563599983e-06,6.967413507401027,4.119301141381791e-05,0.00011040617172970978,0.3731042456092431,9.378066336775125e-05,5.90864953885756e-06,15.871759316746306
24266,9,25,30,0.0032223186,0.03720991,1.0,7.042600747144379e-05,1.7716117596164175e-05,3.975250620750686,5.946306360738044e-05,0.00012081166958224739,0.4921963566350565,0.00012527169078546292,8.991587923014701e-06,13.932098741404712
24266,12,25,30,0.0040229643,0.07153778,0.0,8.85262625255187e-05,1.3094159701346238e-05,6.7607440679387105,8.285988407933138e-05,9.047486023674366e-05,0.9158332365754827,0.00015516295388807308,1.2460558309942734e-05,12.452327578633687
24266,15,25,30,0.003419314,0.1530834,0.0,7.55647792971143e-05,6.299645689163955e-06,11.995084013549139,6.956526128984468e-05,8.292883854402651e-05,0.838854884635974,0.00013324429520623432,9.227121687000508e-06,14.440504821124614
24266,18,25,30,0.0016786315,0.09974528,0.0,3.694098746688181e-05,5.4290301693185146e-06,6.804343743685417,2.9711850196599995e-05,7.178896971007291e-05,0.41387765163080537,6.650100851344713e-05,3.4419717581210864e-06,19.320614225419703
24266,21,25,30,0.0025448713,0.07182392,0.0,5.609048796271085e-05,6.933128469738287e-06,8.090213272050931,5.085164722634489e-05,6.81836933707863e-05,0.7458036476523956,9.902834400959003e-05,7.007961979210103e-06,14.130833515274285
24266,24,25,30,0.0018661673,0.0049217893,1.0,4.1234681527821556e-05,3.535513044950253e-06,11.662997987439686,3.770622799917904e-05,4.708427198688341e-05,0.8008242754540863,7.30992336761693e-05,4.6577333191148845e-06,15.694164665069414
25065,0,46,30,0.002474044,0.051332336,1.0,5.478141402483543e-05,2.960123478969109e-06,18.506462454705968,5.276242242946792e-05,4.300370991947484e-05,1.2269272239131561,9.966350420514764e-05,3.4216625262899254e-06,29.12721621124097
25065,3,46,30,0.001617485,0.15821378,1.0,3.579314445218972e-05,2.2644688188335374e-06,15.80641965766935,3.55051309023228e-05,2.1044901484580067e-05,1.6871131912087103,6.453090253474134e-05,2.8643019154685787e-06,22.52936472452296
25065,6,46,30,0.001833641,0.088189825,1.0,4.0615829463608804e-05,1.976191484050878e-06,20.55257792142329,4.136217089045126e-05,1.6071620485932602e-05,2.5736154563041937,7.272995951135472e-05,3.671744668418155e-06,19.808011198852757
25065,9,46,30,0.0009762596,0.039868623,1.0,2.1482700231571507e-05,3.1793504896007533e-06,6.7569462070440665,2.064159683693679e-05,1.8218749123029136e-05,1.132986501847434,3.7420871667719915e-05,3.256610077676749e-06,11.490743679825432
25065,12,46,30,0.0019196931,0.018195895,1.0,4.1327349794837e-05,1.9987450058578567e-05,2.0676649434378147,3.7072587004260616e-05,6.044073946074251e-05,0.6133708378657415,7.29911340094456e-05,6.996078113196097e-06,10.433150234810663
25065,15,46,30,0.0015764728,0.019145556,0.0,3.439028018545681e-05,9.63671647618968e-06,3.568671992211043,2.9941644889116507e-05,5.315394540520537e-05,0.5633005162808539,6.232734810551456e-05,3.3590168017406704e-06,18.55523558953799
25065,18,46,30,0.0044551888,0.012257842,0.0,9.886343540967215e-05,2.1114163965539235e-06,46.82327728960936,0.0001020928734077747,2.788135991639501e-05,3.6616891612858984,0.0001793127135664967,6.320154876207812e-06,28.371569538828616
25065,21,46,30,0.006914855,0.0776253,0.0,0.00015347761713470446,2.7873917722088745e-06,55.06137266563028,0.00015824002669402845,4.4795637538188705e-05,3.5324874338294063,0.00027778610150667224,1.0332854592424753e-05,26.883771471082486
25065,24,46,30,0.00078205555,0.10176434,0.0,1.733502029572406e-05,6.598797833711781e-07,26.269967246402555,1.7513612925734377e-05,7.747301629475386e-06,2.260608114069301,3.0431677141085622e-05,2.153970886318388e-06,14.12817477449757
25065,27,46,30,0.0010496639,0.10926897,0.0,2.3234058067708795e-05,1.3771107956391971e-06,16.87159678166964,2.309575253696718e-05,1.3273723146865297e-05,1.7399603925309712,4.1471613907297044e-05,2.26438381911185e-06,18.31474574110112
25065,30,46,30,0.0022187023,0.038393144,1.0,4.918295840759407e-05,1.8230693544381117e-06,26.978106064841814,5.135953817249178e-05,1.0266955526732036e-05,5.00241167294113,8.731268658689509e-05,5.133244096648544e-06,17.009260604595227
25065,33,46,30,0.000394632,0.15933388,1.0,8.737140437021929e-06,4.868960825313975e-07,17.944569181163036,8.636704839766578e-06,5.315067440564115e-06,1.6249473663969012,1.5629765569606724e-05,8.132347601258154e-07,19.21925418828463
25065,36,46,30,0.0001312086,0.0,1.0,2.8978088641781988e-06,2.6906552282525416e-07,10.769900334128629,2.751181388097579e-06,2.609829526066062e-06,1.054161339129527,5.171262526428372e-06,2.957622842589075e-07,17.484523218996706
25065,39,46,30,3.2065956e-05,0.0016219718,1.0,7.075977555086731e-07,7.46857046962729e-08,9.474339947467683,6.823880748040387e-07,5.67609495034914e-07,1.2022139882668181,1.2609306577228035e-06,7.51508469429927e-08,16.778661971425414
25065,42,46,30,5.2529304e-05,0.0023061486,1.0,1.1583439785786095e-06,1.346101371551932e-07,8.605176423252171,1.0350622299772295e-06,1.5094492980765614e-06,0.6857217604434764,2.075439154897789e-06,1.1328207208150347e-07,18.32098510172523
25065,45,46,30,2.0236417e-05,0.0,1.0,4.4534473140601857e-07,6.530184228957685e-08,6.8197881681678405,4.030814392183849e-07,5.51166332161233e-07,0.7313244944367743,7.937298085774271e-07,4.9454293095054796e-08,16.049765528986935
25111,0,47,30,0.024098594,0.12848702,1.0,0.0005346500055596805,1.3114696051725165e-05,40.76724336202594,0.0005244054953471029,0.00034559392229374777,1.5174036969937479,0.0009972075903865066,6.900507044360312e-06,144.51221975079505
25111,3,47,30,0.010980637,0.23529756,1.0,0.00024365317904454994,5.414617686598801e-06,44.99914733547901,0.0002523705355797338,6.351240261928796e-05,3.97356303921483,0.0004535262007913871,4.000337127968963e-06,113.37199498024555
25111,6,47,30,0.014565555,0.06264204,1.0,0.0003233376131749124,5.121280146798609e-06,63.136091740077084,0.00034270045306346883,2.8689567440960355e-05,11.94512443482129,0.0006044770780909123,2.4211066303981738e-06,249.669746264542
25111,9,47,30,0.0073104557,0.1582902,0.0,0.00016214751665960685,4.605905117137548e-06,35.204267681566435,0.00015332090072479258,0.00014516302243207203,1.056198046555127,0.0003012612833862834,3.3410484901216583e-06,90.16968304321543
25111,12,47,30,0.007813809,0.09748054,0.0,0.00017238694995307317,1.879883830987849e-05,9.17008525268748,0.00015213507068640233,0.00023735604899817182,0.6409572089210759,0.0003182257380557835,7.349647894963571e-06,43.298092997604854
25111,15,47,30,0.0032733013,0.12483235,0.0,7.147481078699558e-05,1.8978124187710842e-05,3.766168356790426,6.577235942111487e-05,8.514362704851815e-05,0.7724871690471351,0.0001284339467637427,7.953588985337866e-06,16.147923534960846
25111,18,47,30,0.001800509,0.24012987,0.0,3.768777348564106e-05,3.4853079441563855e-05,1.0813326710149092,3.8664115870611975e-05,2.9436029768806094e-05,1.3134962892171367,6.312433819985494e-05,1.1896872015917536e-05,5.3059609379168835
25111,21,47,30,0.0036037634,0.0246183,0.0,7.900575528477307e-05,1.6168091620016497e-05,4.886523229925417,8.37268011199612e-05,1.4539602606077786e-05,5.758534355331147,0.000142553385594859,7.603417016592552e-06,18.74859491249421
25111,24,47,30,0.0032000681,0.112693965,0.0,7.026982553218061e-05,1.2642057027484616e-05,5.558417066100054,7.450734528422693e-05,1.1793303015508358e-05,6.317767396144128,0.00012789804616859972,5.4381338326745054e-06,23.518738248061602
25111,27,47,30,0.0028234427,0.11901051,0.0,6.169015070143568e-05,1.579543105690303e-05,3.90556930540211,6.477807432977964e-05,1.7127325480761477e-05,3.78214767988981,0.00011002802851393925,7.615432933365492e-06,14.448033286705673
25111,30,47,30,0.0029890072,0.07139034,1.0,6.485760436435041e-05,2.347170704357239e-05,2.7632248580791376,6.82932346947026e-05,2.0115243391495973e-05,3.395098600873734,0.0001172107040756839,7.331267487919636e-06,15.987781685611951
25111,33,47,30,0.0062902616,0.039013907,1.0,0.00013676842979336307,4.522755558985404e-05,3.024006670483083,0.00014545454508838152,3.0195185626479355e-05,4.817143596588016,0.000253505796254162,8.58845405712545e-06,29.517046323818867
25111,36,47,30,0.0026234032,0.07814036,1.0,5.73560308175414e-05,1.4127268078023937e-05,4.059952037490048,6.0309889556877556e-05,1.5064638272429645e-05,4.003407746421162,0.00010566270317425064,3.6457631183924813e-06,28.98232818286896
25111,39,47,30,0.0065707252,0.055056833,1.0,0.0001439233806624361,3.139101000563077e-05,4.584859825683207,0.00015176892768549414,3.273836617262717e-05,4.635812516886975,0.0002674410393849725,6.3391756077990675e-06,42.18861503946044
25111,42,47,30,0.010646606,0.022128424,1.0,0.00023220226085748124,6.583464397299523e-05,3.5270527315789617,0.00020406057416820294,0.0003460102592401862,0.5897529588177686,0.0004326406033126585,1.0967966291743144e-05,39.44583633871642
25111,45,47,30,0.0039481386,0.026702724,1.0,8.387961204430073e-05,5.785194101164825e-05,1.449901430747361,8.826720945390068e-05,4.01525946607748e-05,2.1982940380221354,0.00015470934979498505,9.796415414534846e-06,15.792444812563206
26085,0,31,30,0.0029552898,0.044452686,1.0,6.554058032609436e-05,1.987854339862599e-06,32.97051449485205,6.669606417076209e-05,2.567583042030439e-05,2.5976205279038993,0.00011678498086630929,6.352089037600463e-06,18.385287135462676
26085,3,31,30,0.0014207523,0.06030417,1.0,3.151125090054923e-05,9.153196663061133e-07,34.426498261221475,3.2259049859418607e-05,1.097869257134202e-05,2.9383325609850193,5.674917866679179e-05,2.4488317300262676e-06,23.17398046217862
26085,6,31,30,0.0012522368,0.07599366,1.0,2.7762059695350455e-05,9.813758523860062e-07,28.288916654972635,2.7520202921167558e-05,1.6064715193148486e-05,1.7130837733684052,5.0187458578135317e-05,1.989075332195025e-06,25.231552453446508
26085,9,31,30,0.0018922668,0.021061044,1.0,4.175461373721745e-05,4.436367538128726e-06,9.411892359763698,3.896359086650322e-05,4.263265073267269e-05,0.9139377964279949,7.556335733521854e-05,3.2810893643302516e-06,23.029960157955898
26085,12,31,30,0.0013078535,0.0116866985,0.0,2.8946639686625824e-05,1.7515505181637246e-06,16.526294495332426,2.7935664174859827e-05,2.2425923684756716e-05,1.2456862231207972,5.202526234667757e-05,2.4686308805163083e-06,21.074540854725356
26085,15,31,30,0.0009224088,0.17045936,0.0,2.041373360887682e-05,1.2636179361350828e-06,16.154988802481324,1.960794457615764e-05,1.6479199001540177e-05,1.1898602944430154,3.683859390712225e-05,1.5951088515386676e-06,23.094721010159994
26085,18,31,30,0.0007262997,0.14669563,0.0,1.6073300835496725e-05,1.0004174973507077e-06,16.066593075452825,1.5781056438015994e-05,1.0582569948788836e-05,1.4912310066820886,2.8411026638109334e-05,1.8514646156158637e-06,15.345163174322295
26085,21,31,30,0.0022427998,0.05883223,1.0,4.940766303586735e-05,6.485037421263656e-06,7.618716720718616,4.203051035826264e-05,7.958641897179845e-05,0.5281115911642689,8.880270003433654e-05,4.6472978355726945e-06,19.108458974717987
26085,24,31,30,0.0024539349,0.022840274,1.0,5.4287761931551405e-05,3.6618801269426894e-06,14.82510624313537,5.388358480343545e-05,3.180406092605869e-05,1.6942359948532826,9.733641309659696e-05,4.910875540929759e-06,19.82058235549757
26085,27,31,30,0.0032917466,0.07590631,1.0,7.296818586889166e-05,2.726020498458989e-06,26.76729170236994,7.188930110134023e-05,4.539929655653528e-05,1.5834893171046653,0.00013164289025580366,5.513210810675561e-06,23.87771750009915
26085,30,31,30,0.004694717,0.2597063,1.0,0.00010334598665220721,1.471572204493076e-05,7.022828124686387,9.857168097574697e-05,9.245099408379083e-05,1.0662046628336825,0.00018547245328353384,1.0140736944971036e-05,18.289839711847844
26537,0,33,30,0.0018094772,0.03572998,1.0,4.00416797707687e-05,2.533894296090194e-06,15.802427051733423,3.841026862921037e-05,3.270766502433781e-05,1.1743506789808824,7.000666368845763e-05,5.388222668744949e-06,12.99253352956995
26537,3,33,30,0.0009969603,0.075937025,1.0,2.1998854817473813e-05,2.3372839299575124e-06,9.412144812835688,2.161145554292736e-05,1.4879864295540832e-05,1.4523960107219416,3.7577609365248036e-05,3.962403908760052e-06,9.483538334436767
26537,6,33,30,0.00084830436,0.020783078,1.0,1.8652639525760884e-05,2.978543210010292e-06,6.262336387490726,1.835828983245869e-05,1.2876039221000916e-05,1.4257715060789955,3.213092489484539e-05,3.215092117207554e-06,9.993780496327577
26537,9,33,30,0.00082485285,0.0206143,1.0,1.8028580700263704e-05,4.522241074088014e-06,3.986647417707485,1.6483821172503735e-05,2.2088727581495638e-05,0.7462548990967097,3.114442659008859e-05,3.22444235716686e-06,9.658856676679276
26537,12,33,30,0.0020133588,0.0031387764,0.0,4.4324889657457016e-05,6.246230014804629e-06,7.096262794101318,4.382958122457862e-05,2.875271886627953e-05,1.524363015143617,7.893448743164516e-05,4.955459427937298e-06,15.928792996798181
26537,15,33,30,0.0024466196,0.028124081,0.0,5.387257851442209e-05,7.451173423725325e-06,7.23007980768319,5.251763866906497e-05,4.0146454886573536e-05,1.308151337831546,9.598816419239788e-05,5.954317200109188e-06,16.120767665961377
26537,18,33,30,0.0020323682,0.049047466,0.0,4.4970640832229964e-05,2.8964843770848554e-06,15.525939372574943,4.355153410257146e-05,3.386730971226694e-05,1.2859460781674321,8.0492354609055e-05,4.189657498511793e-06,19.212156277129257
26537,21,33,30,0.0012167366,0.07163812,0.0,2.6703567888230613e-05,5.0253927509739705e-06,5.313727545584412,2.494079214162754e-05,2.8203910545823813e-05,0.8843026253790381,4.639093847050163e-05,4.306425413802508e-06,10.772493196286229
26537,24,33,30,0.0017259843,0.036448903,0.0,3.803126929795509e-05,4.859030362729812e-06,7.826925633078171,3.676771214921133e-05,3.0290049871548802e-05,1.2138544606275787,6.719757717947694e-05,4.718431549530082e-06,14.241507262337901
26537,27,33,30,0.0019485604,0.015400556,1.0,4.3042440448487855e-05,3.883510355716826e-06,11.083385006332241,4.228364202341043e-05,2.8774564377644278e-05,1.4694798318566975,7.594287782726891e-05,5.2471368081104385e-06,14.473203311544095
26537,30,33,30,0.0031116614,0.02237964,1.0,6.879882995988664e-05,5.2380593436240925e-06,13.134412087871901,7.011910294301717e-05,2.7776533769841623e-05,2.524400759433454,0.00012160175270747887,8.050810885261577e-06,15.104286318548636
27403,0,39,30,0.0024473283,0.029522704,1.0,5.4262292696213895e-05,1.8417385920831466e-06,29.462537696426892,5.4878750594089485e-05,2.3736810359019367e-05,2.3119681947173243,9.653101337523808e-05,5.441002754173371e-06,17.741401307175707
27403,3,39,30,0.0013675389,0.030115165,1.0,3.0275825586832816e-05,1.7089653531755015e-06,17.715880272573116,3.017925701201689e-05,1.6668375493715616e-05,1.8105697836837913,5.541589653585969e-05,1.5648971085987754e-06,35.41184671590303
27403,6,39,30,0.00092648674,0.021402026,1.0,2.0532105830641216e-05,8.473326146446808e-07,24.23145937708431,2.0523524442305128e-05,1.0749788940995587e-05,1.909202548529697,3.728229838096982e-05,1.3213166283130421e-06,28.216021491055525
27403,9,39,30,0.00097423245,0.06609652,1.0,2.148419273248714e-05,2.4812215957390944e-06,8.65871583956109,2.128786918972632e-05,1.3356971963438878e-05,1.59376460832561,3.87660760327668e-05,1.8269380401139708e-06,21.219152035582137
27403,12,39,30,0.0007538987,0.021580694,0.0,1.65682014127123e-05,2.7765396182696347e-06,5.967212318417324,1.6434654172218286e-05,1.0607201198949044e-05,1.5493864841412288,2.965459090716758e-05,1.7578541939516806e-06,16.869767133816513
27403,15,39,30,0.0013148177,0.011500467,0.0,2.8850821167360225e-05,5.510257432622191e-06,5.235839072881729,2.628290116602525e-05,3.5155979309336e-05,0.7476082783745859,5.076420463968394e-05,4.019867228194251e-06,12.628328687981949
27403,18,39,30,0.0009892763,0.084401436,0.0,2.175310410232554e-05,3.4622119535791826e-06,6.283007624601812,2.024652794313031e-05,2.315369114231895e-05,0.8744406159122033,3.890603609816121e-05,2.313810587896568e-06,16.8147022499062
27403,21,39,30,0.00058121304,0.07649914,0.0,1.2812702480178779e-05,1.5471293120746156e-06,8.281597653267681,1.2665234556907617e-05,8.212191359024824e-06,1.54224786091828,2.2755788043143556e-05,1.4614202712009798e-06,15.571008895643065
27403,24,39,30,0.0004239445,0.08063065,0.0,9.357761873368239e-06,9.483974722825102e-07,9.866919879960133,9.029681959788334e-06,7.449639067884719e-06,1.2120965697137134,1.6541885523168877e-05,1.122467673431884e-06,14.737070754646286
27403,27,39,30,0.0006927744,0.03210428,0.0,1.5088911553381058e-05,4.591119390082334e-06,3.286543056574807,1.4408472355970623e-05,1.460308985360473e-05,0.986672854883101,2.6828538586559287e-05,2.037060499790486e-06,13.170221792292685
27403,30,39,30,0.0007466954,0.0055515356,1.0,1.6486983840432846e-05,1.593697516456941e-06,10.34511484782018,1.5831536549477884e-05,1.3628471715129666e-05,1.161651642267598,2.9098013101449946e-05,2.0142937889187595e-06,14.445764198612403
27403,33,39,30,0.0010293501,0.003658102,1.0,2.2758373860566814e-05,1.7410959669266637e-06,13.071292044136596,2.2612464859424815e-05,1.3271097921740734e-05,1.703888027408873,3.972973223443357e-05,3.1598557499950383e-06,12.573274028251433
27403,36,39,30,0.0007095799,0.06807693,1.0,1.5641552460904164e-05,1.9033450505411757e-06,8.217927935061917,1.4527778346128626e-05,1.6568867559151415e-05,0.8768117853718106,2.811754968343996e-05,1.4482793120729919e-06,19.41445234289369
28191,0,46,30,0.0013723471,0.035488747,1.0,3.0428573063543675e-05,1.020412087885083e-06,29.819886911189244,3.111833232841453e-05,1.0896177721618364e-05,2.855894344185922,5.45298928743041e-05,2.651233130825921e-06,20.567747226859968
28191,3,46,30,0.0005877299,0.105109945,1.0,1.3025544288267326e-05,5.2679920187146e-07,24.725823885066518,1.3517286979335311e-05,3.333972907593482e-06,4.0544081652698,2.3097189477930124e-05,1.3915559628050424e-06,16.598103199077773
28191,6,46,30,0.00054905895,0.030642785,1.0,1.215034626624734e-05,7.644584555746713e-07,15.894056998968612,1.2607880768461389e-05,3.2546608454126525e-06,3.873792498604523,2.150190301999848e-05,1.3755535361621137e-06,15.631454868699787
28191,9,46,30,0.0003959386,0.042205762,0.0,8.779199554714867e-06,2.9153864923757283e-07,30.113330008470875,9.184700347294634e-06,1.6968635539178513e-06,5.412751264583577,1.5616460936367143e-05,8.809805598779288e-07,17.726226488506175
28191,12,46,30,0.00023493168,0.01880743,0.0,5.201494776275638e-06,2.881331795537416e-07,18.052397798586306,5.381715286695883e-06,1.4832704049729754e-06,3.6282765897927662,9.198832154287954e-06,5.89987198673086e-07,15.591579232526808
28191,15,46,30,0.00056771486,0.008068539,0.0,1.2414240765630918e-05,3.0246783636108315e-06,4.104317640838651,1.2197377719468023e-05,9.237500887761142e-06,1.3204196532883101,2.2137468927000693e-05,1.51731730400863e-06,14.58987442410054
28191,18,46,30,0.0017673911,0.008149102,0.0,3.8320469450163224e-05,1.4323288956951118e-05,2.6753959628501547,3.95454838890959e-05,1.7746778131028435e-05,2.2283190558377832,6.664329772166644e-05,6.997993617008488e-06,9.523200701368346
28191,21,46,30,0.0029374724,0.02358456,0.0,6.392192997546464e-05,2.0328531039824e-05,3.14444412388875,6.562775080465104e-05,3.0184484703339393e-05,2.1742213408529865,0.00011160330331732501,1.0791381766649163e-05,10.341891866177487
28191,24,46,30,0.0007677541,0.035682663,0.0,1.699362360610835e-05,1.0136954197117763e-06,16.764033136245345,1.7325459536527237e-05,6.6808079999778686e-06,2.5933179843792296,3.0934735899584995e-05,1.0550202893321327e-06,29.321460650930078
28191,27,46,30,0.0007610125,0.039675962,0.0,1.6838377552418207e-05,1.095178643556722e-06,15.375005394310454,1.72315499887499e-05,6.214571043665602e-06,2.772765789895298,3.067432664000243e-05,1.0345286012262974e-06,29.65053513614032
28191,30,46,30,0.00038911833,0.060205426,0.0,8.611265697216376e-06,5.371232134934684e-07,16.032197977831565,8.63757332312198e-06,4.390041074015691e-06,1.9675381568175063,1.5457336745828655e-05,7.559268381387323e-07,20.44819149944221
28191,33,46,30,0.0003064384,0.05244699,0.0,6.7657584875736865e-06,6.597527927326036e-07,10.25499029651828,7.018887614351994e-06,1.940851752704995e-06,3.616395535913375,1.1988505899922151e-05,7.797603633700873e-07,15.374602843504892
28191,36,46,30,0.00096775754,0.02291741,0.0,2.1212683240705094e-05,4.395608967745145e-06,4.8258804175628836,1.8642794886022423e-05,3.079336458700377e-05,0.605415976333114,3.827100198230363e-05,2.052230214986559e-06,18.6484935768058
28191,39,46,30,0.0019123079,0.028375462,1.0,4.2324511546295534e-05,2.5682576298209684e-06,16.47985430077198,4.25543250154901e-05,2.0837690303696306e-05,2.0421805101855064,7.659711765047309e-05,3.0823737025586504e-06,24.85004254574665
28191,42,46,30,0.0036215833,0.09239928,1.0,8.034425520574147e-05,2.030596685236791e-06,39.566820821620915,7.97208450203816e-05,4.555129724300816e-05,1.7501333627247742,0.00014808602870081106,2.813274395608805e-06,52.638316735813675
28191,45,46,30,0.004697577,0.19313172,1.0,0.00010222658507035259,3.246026794955527e-05,3.149283463377978,9.529135850729675e-05,0.00011589001245134486,0.8222568665898087,0.00018569497099228408,1.0037409508321429e-05,18.500288429831944
28886,0,37,30,0.0027084786,0.022238238,1.0,5.970024337164549e-05,7.322478680035815e-06,8.15301020055049,5.5256366743292074e-05,6.461849742431452e-05,0.855116861979219,0.00010862783209979731,4.225434057042445e-06,25.70808836047258
28886,3,37,30,0.0023497061,0.0427433,1.0,5.191663007610045e-05,4.48594050890932e-06,11.573187377984889,5.057139985345529e-05,3.761789685102103e-05,1.3443441576155706,9.327213251442853e-05,4.63229144187348e-06,20.13520385856932
28886,6,37,30,0.0016510607,0.029354308,1.0,3.654254948982972e-05,2.2153259144441603e-06,16.495337887562464,3.497148634148188e-05,3.0376379740571804e-05,1.1512723583308606,6.595958547804655e-05,2.834610554689686e-06,23.269364240855076
28886,9,37,30,0.001081381,0.053661305,1.0,2.3854443480251602e-05,2.6437084249697183e-06,9.023099240047562,2.3938671793868933e-05,1.2659477757289354e-05,1.8909683521569438,4.1195318853562234e-05,3.862226225030735e-06,10.666210743062935
28886,12,37,30,0.0020302017,0.024102028,1.0,4.481231741979341e-05,4.5491169736566325e-06,9.850772727827387,4.337892524627174e-05,3.471446241137672e-05,1.2495923091712773,8.02782955208058e-05,4.313439263013901e-06,18.611203410040247
28886,15,37,30,0.0010999463,0.018736046,0.0,2.430434756685454e-05,2.083558066334672e-06,11.664828525566346,2.3733237802427172e-05,1.719172116758623e-05,1.3805038815528552,4.3294963825734646e-05,2.536132620409454e-06,17.071253875810626
28886,18,37,30,0.002153745,0.036616325,0.0,4.767294697339102e-05,2.8208061929947095e-06,16.900468770872564,4.8705545412641085e-05,1.8018687508442387e-05,2.703057333661002,8.568481165398782e-05,4.05456469524466e-06,21.13292501029323
28886,21,37,30,0.0015441667,0.18567985,0.0,3.4041606510956e-05,4.098117111890345e-06,8.306645608586226,3.3285495867386374e-05,2.4362636316410558e-05,1.366251806047994,6.054077094483549e-05,3.7995059021932982e-06,15.933853638676492
28886,24,37,30,0.003042107,0.088716984,0.0,6.716482611106154e-05,6.563296003849935e-06,10.233398900744934,6.28309384888183e-05,6.720127441315838e-05,0.9349664725482594,0.00012225706226067043,4.497398698051168e-06,27.18395020518136
28886,27,37,30,0.004834231,0.0805685,1.0,0.00010695071207831939,7.149720371485838e-06,14.958726568503984,0.00010292463679386451,8.523274321608671e-05,1.2075715612358544,0.00019385285695648475,7.573443236799848e-06,25.596396631659065
28886,30,37,30,0.005311806,0.06320454,1.0,0.00011742457016483428,9.233617077499045e-06,12.717071671834924,0.00011477621754444994,8.186756196385701e-05,1.4019742959381334,0.00021196358044646015,9.361690747291485e-06,22.641591798766182
28886,33,37,30,0.0063329283,0.11389839,1.0,0.00013678020063397875,5.927296225685433e-05,2.3076322732319907,0.0001103512969578231,0.00028302890717850577,0.38989408558266014,0.00024072900852566207,2.3142987945154843e-05,10.401811948230327
28886,36,37,30,0.004981674,0.010105886,1.0,0.00010795318206801931,4.126023538861573e-05,2.6163976296122895,8.864419952233881e-05,0.00020976958654808097,0.4225788923029641,0.00019396339102127882,1.3606354779834318e-05,14.255353043472578
29453,0,13,30,0.0016177616,0.032087844,1.0,3.56208740049525e-05,4.9407304660741435e-06,7.209637167934097,3.072870744135993e-05,5.452596818066129e-05,0.5635609685929148,6.43701986358441e-05,3.0365314317011043e-06,21.198594542386502
29453,3,13,30,0.0016007589,0.035769626,1.0,3.5450673063052606e-05,1.8262144229013242e-06,19.412108796475163,3.508176925856674e-05,2.1220770374377978e-05,1.6531807582690108,6.306004251849595e-05,3.638246277590351e-06,17.33253818107698
29453,6,13,30,0.0020962234,0.05583486,0.0,4.6423892881152206e-05,2.3826862253545015e-06,19.48384658758211,4.623696018946245e-05,2.571181839508165e-05,1.7982765543454133,8.142315404038147e-05,5.919480889948223e-06,13.755117307439042
29453,9,13,30,0.0012141359,0.055488437,0.0,2.688080776178354e-05,1.4998444351505704e-06,17.92239723787418,2.503090585896903e-05,2.7139639418168626e-05,0.9223006051514485,4.83618215979166e-05,2.227173509821366e-06,21.714438226142306
29453,12,13,30,0.0019171175,0.0030824516,1.0,4.2354408298732106e-05,3.723045811295485e-06,11.376279112717743,4.055650952386885e-05,3.562401847905657e-05,1.1384597037448794,7.563967432916052e-05,4.240221957374115e-06,17.838612008887065
33884,0,47,30,0.022809096,0.11515065,1.0,0.0005054857578078681,2.0745551532386705e-05,24.365983088891813,0.00040461777907944686,0.0009691915057690755,0.4174797000086928,0.0009424889730008857,7.890016830415233e-06,119.4533539355308
33884,3,47,30,0.008506139,0.23458047,1.0,0.00018823116978923548,1.191192592304696e-05,15.801909028417437,0.00020039836560460664,1.4901177148543222e-05,13.448492263861054,0.0003485962190816141,5.826215013583352e-06,59.83236428262431
33884,6,47,30,0.00497142,0.011136253,1.0,0.00011016938610111734,4.5993062770252085e-06,23.95347895212883,0.00011656829452390388,1.259198722956544e-05,9.257339004458851,0.00020300846528855572,4.134046935667426e-06,49.10647325676306
33884,9,47,30,0.0077995793,0.12962268,1.0,0.00017310683191510556,3.25731635810304e-06,53.144003493697376,0.00018310212840336274,1.8214998718804125e-05,10.05227237344456,0.00032205678783645485,2.9256865491309615e-06,110.07904723495338
33884,12,47,30,0.011828568,0.11528412,1.0,0.0002625031735266364,5.307803991303452e-06,49.456079003055414,0.0002759117623878417,4.004536673053302e-05,6.889979663426826,0.0004896596093817775,3.1973164795787865e-06,153.14705707402638
33884,15,47,30,0.009404795,0.03136148,0.0,0.0002083565339772628,9.583941034578e-06,21.74017277709985,0.00019631358177595514,0.00019327090291507428,1.0157430777990304,0.0003847210674207212,7.145426415968826e-06,53.84158271659398
33884,18,47,30,0.0071817134,0.067932345,0.0,0.0001593260473643741,4.013813040196962e-06,39.69443662890582,0.000158729027967645,8.58490659793894e-05,1.8489313326455128,0.00029327794851930075,5.960116918925318e-06,49.20674418114978
33884,21,47,30,0.0013241183,0.21315421,0.0,2.7356164501780152e-05,3.103031977645016e-05,0.8815946693060368,2.776229006144125e-05,2.6350363221487467e-05,1.0535828226763273,4.602923450424106e-05,9.142363908652991e-06,5.034719134366953
33884,24,47,30,0.0050212424,0.059318036,0.0,0.00011042322036733646,1.7399026773066532e-05,6.346517067165514,0.00011718904508296954,1.6550350560769994e-05,7.080759084387479,0.00020184189229776228,7.37652423762693e-06,27.362736947055158
33884,27,47,30,0.005176598,0.13716137,0.0,0.00011136983988294197,5.498524067403686e-05,2.025449711917493,0.00011794807757417018,3.7129876439891836e-05,3.176635337451551,0.00020145573361902877,1.4235871245742065e-05,14.15127533408143
33884,30,47,30,0.002606221,0.105426036,0.0,5.709595086257711e-05,1.230107408913563e-05,4.64154190510929,5.9133748379142156e-05,2.0433929859901116e-05,2.893899939197908,0.00010230145758049076,6.291084547983278e-06,16.261338851865432
33884,33,47,30,0.0049600815,0.0124167465,0.0,0.00010977899053023266,6.675838956873784e-06,16.444223900458027,0.0001161544628946278,1.3599108192787127e-05,8.54132942013325,0.0002000972384365793,6.572848677216139e-06,30.443000936593656
33884,36,47,30,0.005036307,0.0862223,0.0,0.00011125731633736277,9.909415199704034e-06,11.227435130650868,0.00011794198500847369,1.3790685070757076e-05,8.552293406987282,0.00020174397853815087,8.102166494367331e-06,24.90000405180569
33884,39,47,30,0.0048648817,0.06487758,0.0,0.00010768740237525645,6.316360577329112e-06,17.048963727905527,0.00011284263343110993,2.091526408531831e-05,5.395228717686669,0.00019712535773317718,5.578066792594783e-06,35.33936846989227
33884,42,47,30,0.0046804203,0.014530278,0.0,0.00010331993296549444,1.034115521505175e-05,9.99114033363606,0.0001092763977059884,1.5135290906815525e-05,7.219973397193211,0.00018773774288046488,7.279775831718663e-06,25.788945596713845
33884,45,47,30,0.006502661,0.06916853,1.0,0.00014324493529651206,1.8879772851955545e-05,7.587217093116399,0.00015195259896148163,2.0108708419446726e-05,7.5565568803280945,0.00026370689977195947,7.23732551549506e-06,36.437064936123846
34623,0,32,30,0.0011658737,0.039728183,1.0,2.5833037011860392e-05,1.128990617241242e-06,22.88153383859381,2.616948457267214e-05,1.1125880888868599e-05,2.3521269761978676,4.692346782115805e-05,1.654600403235319e-06,28.35939585739636
34623,3,32,30,0.00043454306,0.06191187,1.0,9.622408412209595e-06,5.115677074681675e-07,18.80964781735828,9.515615949163442e-06,5.814535301161952e-06,1.6365221735367024,1.7406558402871345e-05,6.99403333455166e-07,24.88772582321008
34623,6,32,30,0.0003890507,0.068290405,1.0,8.603462226914417e-06,6.316231130426091e-07,13.621196009548228,7.752721021555922e-06,1.0572731107487976e-05,0.7332751531026052,1.4953944522713162e-05,1.2565000418816957e-06,11.901268622576882
34623,9,32,30,0.00047668838,0.038068645,1.0,1.0522381833287279e-05,1.0603931599521825e-06,9.923094782846182,9.683588464371216e-06,1.1662941079032167e-05,0.8302870089758522,1.8751204916500957e-05,1.110810165906711e-06,16.880656562226434
34623,12,32,30,0.003544383,0.031234479,1.0,7.844211412234765e-05,4.8293013542642685e-06,16.242952834799453,8.180152040751854e-05,1.8119863742109697e-05,4.514466641237247,0.0001427069085178213,4.975718130863586e-06,28.680665738003345
34623,15,32,30,0.0012773003,0.018387496,0.0,2.8318961974692472e-05,9.822850436453819e-07,28.829678470515326,2.890728979414835e-05,1.0532328772977735e-05,2.7446247090495626,5.0936408471720845e-05,2.2844308612832014e-06,22.297198542970587
34623,18,32,30,0.0059335954,0.098814145,0.0,0.00013172300142638677,2.0201593772032325e-06,65.20426205616901,0.0001390314148244994,1.5712686615006694e-05,8.848354086799825,0.00023878698873453045,8.44615886209514e-06,28.271666758029383
34623,21,32,30,0.0004044621,0.08138678,0.0,8.957809939688323e-06,4.5354833193215284e-07,19.750507959156906,8.650178226649935e-06,6.859101127078954e-06,1.261124171576945,1.6180437009607112e-05,6.721501688000141e-07,24.072651857685248
34623,24,32,30,0.0016933847,0.056346446,0.0,3.747290142343072e-05,2.368054923502543e-06,15.824337962569423,3.876976800124634e-05,1.0842412128757284e-05,3.5757511834859557,6.485550532756982e-05,5.702191706800598e-06,11.373785495535211
34623,27,32,30,0.002116603,0.026642675,1.0,4.6929992866433984e-05,1.5844721485812507e-06,29.618692198821847,4.9041710824581196e-05,9.475206800477167e-06,5.175793189243266,8.127220813534914e-05,6.919587507787239e-06,11.745238866317706
34623,30,32,30,0.0008119071,0.061921332,1.0,1.7889745811205723e-05,2.289548527511216e-06,7.813656533697596,1.7329344371781792e-05,1.4012457245325947e-05,1.2367098838115806,3.186639757120022e-05,1.9630693907494052e-06,16.2329450611194
35594,0,38,30,0.0019100516,0.031214999,1.0,4.238041014762274e-05,9.777049041808064e-07,43.34683191870883,4.347915466145888e-05,1.3987845929048706e-05,3.108352414088667,7.662462629362437e-05,2.9608558461908603e-06,25.87921542759399
35594,3,38,30,0.0003836079,0.077870555,1.0,8.491291086263214e-06,4.999324398899579e-07,16.984877172868128,8.652262357857654e-06,3.3688128619155103e-06,2.5683416421468923,1.5480209019727956e-05,5.03453322001815e-07,30.748052189180207
35594,6,38,30,0.0010154415,0.03362191,1.0,2.2385571056996622e-05,2.6969166544368153e-06,8.300431168374871,2.264154095746317e-05,1.07494545524509e-05,2.106296728544319,4.061755786526654e-05,1.6925024484067254e-06,23.998522367576353
35594,9,38,30,0.0008348938,0.014346774,0.0,1.8474710581577018e-05,1.1772946443038517e-06,15.692512210909898,1.8557859784705236e-05,9.243958191042918e-06,2.007566391060398,3.3123393687535955e-05,1.6638504834589402e-06,19.90767440754442
35594,12,38,30,0.0015393225,0.030150792,0.0,3.399956078404706e-05,3.1141301807492406e-06,10.91783541812853,3.4097148524947064e-05,1.787373129609812e-05,1.9076681841127687,6.122545405813404e-05,2.9129886845478405e-06,21.018088529800647
35594,15,38,30,0.0004765609,0.10746849,0.0,1.0527233382090591e-05,9.451392277687714e-07,11.138288489985396,1.0419399575436272e-05,6.49102295150989e-06,1.605201468747325,1.9010450402171294e-05,8.462545927196601e-07,22.464221247031873
35594,18,38,30,0.0002871002,0.111813016,0.0,6.345480034979673e-06,5.178681865158871e-07,12.253079451879032,6.138942770518047e-06,4.877434961979151e-06,1.2586416463515497,1.1124974660025669e-05,8.37533928875704e-07,13.283013710214352
35594,21,38,30,0.00020011338,0.047850583,0.0,4.428488579849576e-06,2.771360667935667e-07,15.979474021864759,4.339400761976627e-06,2.9764270484322103e-06,1.4579227682608058,7.878779628045109e-06,4.592784675220426e-07,17.154689769267215
35594,24,38,30,0.0008630631,0.010595785,0.0,1.8994606261053277e-05,2.7686064176098734e-06,6.860710189876408,1.7124865003463162e-05,2.3969795142462368e-05,0.714435184017345,3.412619133246928e-05,1.834771209206853e-06,18.59969851348473
35594,27,38,30,0.0020047799,0.01964315,1.0,4.428669716788002e-05,3.959531300322663e-06,11.184833205958263,4.4936462493692796e-05,1.957475695341189e-05,2.2956332280723593,7.85058561244494e-05,5.026642477865976e-06,15.617951041900733
35594,30,38,30,0.0023173036,0.056964517,1.0,5.139583363148367e-05,1.4969426642738557e-06,34.33386919759884,5.14400240121626e-05,2.613705548312619e-05,1.9680879525764385,9.338279803435295e-05,3.1715078577131624e-06,29.444290294676193
35594,33,38,30,0.0015336623,0.10078864,1.0,3.395095521666316e-05,1.956439665357302e-06,17.35343840029063,3.369530383355392e-05,1.9743257122774858e-05,1.7066740114874288,6.192513777810387e-05,1.9774582113092126e-06,31.315522838333553
35594,36,38,30,0.001896161,0.017637562,1.0,4.2071530765342075e-05,9.806673493520447e-07,42.90091924967213,4.351176358634785e-05,1.1444469310306624e-05,3.8019904992153863,7.626319028496544e-05,2.7435133187199453e-06,27.79763807399628
37714,0,34,30,0.00048060963,0.043257125,1.0,1.0598274577312809e-05,1.2290859881997084e-06,8.622891058124035,1.0582766141651368e-05,6.022239332386353e-06,1.757280897944299,1.8862242802865616e-05,1.1631577781208662e-06,16.21640946539378
37714,3,34,30,0.00043276677,0.03133196,0.0,9.557049568925585e-06,8.998508073563993e-07,10.620704555461241,9.675422040513509e-06,4.399842887025537e-06,2.1990380768015254,1.720926243632072e-05,8.226868563343051e-07,20.91836317040612
37714,6,34,30,0.0022388485,0.010977197,0.0,4.928170259814782e-05,7.0573506343891175e-06,6.983031615009678,4.966321349243408e-05,2.5498950356264637e-05,1.9476571701404453,8.423221231352652e-05,9.053148887299272e-06,9.304189444149815
37714,9,34,30,0.0018462029,0.027507339,0.0,4.064668235414136e-05,5.700757622900282e-06,7.130049204488404,4.1337325712239075e-05,1.8339216481836822e-05,2.2540399014963155,7.051210509313476e-05,6.413019023742818e-06,10.995149840048645
37714,12,34,30,0.0006789002,0.028839609,0.0,1.4884535932912051e-05,3.0320192019404836e-06,4.909116645232983,1.473320327282237e-05,1.0017606188054057e-05,1.4707309307478704,2.622197746774536e-05,2.065529806707298e-06,12.69503707116497
37714,15,34,30,0.00057425175,0.047103968,0.0,1.2700514790728075e-05,9.095520818211349e-07,13.96348273459909,1.2624032992536549e-05,7.34040602361528e-06,1.719800369614839,2.2531526664369893e-05,1.3956325784728865e-06,16.14431119759621
37714,18,34,30,0.00021921686,0.04494113,0.0,4.854253741918013e-06,2.584813249859661e-07,18.77990118698737,5.030555354934487e-06,1.32225624233667e-06,3.8045238085203286,8.728628710450351e-06,4.05407221269168e-07,21.530521047761564
37714,21,34,30,0.00050436665,0.026501535,1.0,1.1167108902132072e-05,6.155828593539128e-07,18.140708001279553,1.1315390562091929e-05,4.853374261023981e-06,2.331448174718875,2.0310937150829256e-05,7.043398980876143e-07,28.83684028971867
37714,24,34,30,0.00089073397,0.010830315,1.0,1.9740318670503848e-05,8.065262968409989e-07,24.475728501132203,2.0491015026380995e-05,5.018547992532381e-06,4.083056504963528,3.4479754388304856e-05,2.634158905994989e-06,13.089473953083697
37714,27,34,30,0.0006373366,0.052012954,1.0,1.410620250435016e-05,8.524923966771803e-07,16.547012688128245,1.4369097401235161e-05,5.639083172318656e-06,2.548126523788606,2.545405960036487e-05,1.1016316448763314e-06,23.105781064615595
37714,30,34,30,0.002235931,0.0020369615,1.0,4.961549048772719e-05,1.0780355473345174e-06,46.02398372707033,4.954640930287907e-05,2.583033131146767e-05,1.9181484242473645,9.075922778510339e-05,2.4045713228019024e-06,37.744452378874385
37714,33,34,30,0.0031201662,0.0,1.0,6.922978587616666e-05,1.6086539486352361e-06,43.03584741447993,6.89899669715409e-05,3.7097952244781204e-05,1.8596704884498345,0.00012759707145433013,2.4098588070617662e-06,52.94794495031166
39819,0,38,30,0.0011913786,0.03564132,1.0,2.6389685618921264e-05,1.2809079351805211e-06,20.60232815655257,2.7093526328227962e-05,8.908411811903997e-06,3.04134192494602,4.701430744114716e-05,2.6264665862277717e-06,17.900211519032055
39819,3,38,30,0.00075743825,0.08104613,1.0,1.6779888728330914e-05,7.810834199464287e-07,21.482838196055653,1.699813262627933e-05,7.252778788499764e-06,2.343671732168656,3.0014134333140925e-05,1.5457924599728378e-06,19.4166649859764
39819,6,38,30,0.0003548849,0.038635395,1.0,7.85469682643945e-06,4.745041005673932e-07,16.55348566439598,7.91058595981e-06,3.773376529909579e-06,2.0964210428264787,1.3945027427513453e-05,8.41842134631442e-07,16.564896022481197
39819,9,38,30,0.0003719838,0.039871067,0.0,8.15917332647541e-06,1.606994533036904e-06,5.077287544380238,7.948979707290386e-06,6.3544392640513164e-06,1.2509333045733542,1.4501332168332732e-05,9.979921354382732e-07,14.530507459324214
39819,12,38,30,0.0024254182,0.020929629,0.0,5.358826705775511e-05,4.64877943779964e-06,11.527384289739397,5.237480782113731e-05,3.761273790410186e-05,1.3924752820353865,9.377901753245709e-05,7.280080630558678e-06,12.881590505854113
39819,15,38,30,0.0016978289,0.0619362,0.0,3.7479389836809004e-05,3.7520875660957758e-06,9.988943268668988,3.5528895801851537e-05,3.426919694615459e-05,1.0367589254477205,6.553614269807999e-05,5.206724191698869e-06,12.586828163966299
39819,18,38,30,0.00048415933,0.10119302,0.0,1.0696781402566552e-05,9.347225465552053e-07,11.443803770421615,1.084898643932986e-05,4.750316717217727e-06,2.283844864492349,1.8515651349581355e-05,1.6576540985503285e-06,11.169791916042005
39819,21,38,30,0.00027585012,0.10196061,0.0,6.107159966810864e-06,3.4263424599055245e-07,17.82413765779635,6.073303996500952e-06,3.4618888985700934e-06,1.7543324394406428,1.0783101341007053e-05,7.106528775121356e-07,15.17351393658842
39819,24,38,30,0.0003428055,0.039781936,0.0,7.5910025779261435e-06,4.034577048209262e-07,18.814865814237933,7.734508925650031e-06,2.992685707306324e-06,2.5844708339292195,1.344147407914175e-05,8.420879675723852e-07,15.962078306250506
39819,27,38,30,0.0006717441,0.01650479,1.0,1.4893582557840939e-05,5.109782078149689e-07,29.147197140810505,1.5238413042514935e-05,5.2884669901099484e-06,2.8814424049563985,2.612624880039209e-05,1.8630907715365374e-06,14.023068118600104
39819,30,38,30,0.0003577687,0.06946771,1.0,7.91555486481951e-06,5.229136398379429e-07,15.137403696856392,8.026968871872712e-06,3.4393362029562943e-06,2.3338715374708356,1.3961956950347276e-05,9.450726261690464e-07,14.773422236282064
39819,33,38,30,4.443007e-05,0.0022901772,1.0,9.835486749238613e-07,5.6794599649953376e-08,17.317644300441312,9.519244233177618e-07,7.415413985296013e-07,1.2837104242667072,1.7870270922093717e-06,6.422599822911225e-08,27.8240454252582
39819,36,38,30,2.1927506e-05,0.0,1.0,4.821590986095004e-07,7.678176653357872e-08,6.279604134904077,4.118433837112946e-07,7.716804368589796e-07,0.5336968051019242,8.674641258494593e-07,4.6181904860051253e-08,18.78363676158889
40429,0,55,30,0.0046034064,0.048713118,1.0,0.0001017922312107131,7.5853135623464686e-06,13.419647108065538,0.00010197007511239398,5.344386507476376e-05,1.907984667084723,0.00017928905002602896,1.2519547689351428e-05,14.32072902909458
40429,3,55,30,0.00317631,0.15027323,1.0,7.022923459938791e-05,5.331543606691869e-06,13.172401799591384,6.616638803262107e-05,6.622031507040783e-05,0.9991856420838616,0.0001256917013459211,6.654556478767687e-06,18.888065905963597
40429,6,55,30,0.0025858176,0.048335876,1.0,5.7342852347203486e-05,1.796440296423372e-06,31.920266129283785,5.5300938548189886e-05,4.386304291490863e-05,1.2607638429342445,0.00010256210201571002,5.180301172349442e-06,19.79848248266898
40429,9,55,30,0.0060394956,0.11381513,1.0,0.00013395178042228508,3.8885038456569185e-06,34.44815428738645,0.00012081263518627617,0.0001608941587860334,0.7508826678222669,0.00023970378373560538,1.1941867536886268e-05,20.072554229495825
40429,12,55,30,0.003954135,0.30737814,1.0,8.753217160317759e-05,5.0624090647631156e-06,17.290616084829065,8.096070867657634e-05,9.229753082017926e-05,0.8771709054092667,0.00015840218270869868,6.353440180354728e-06,24.931718598451447
40429,15,55,30,0.0025920165,0.117083445,1.0,5.7283180516859836e-05,4.757731141995281e-06,12.040020507093347,5.2367706736546525e-05,6.542877229162075e-05,0.800377340157628,0.00010427485817779269,3.7258216840689018e-06,27.987076951013936
40429,18,55,30,0.00061994867,0.024247004,0.0,1.373762510904504e-05,5.851873947516834e-07,23.475599837338294,1.376954119522004e-05,6.937993648673351e-06,1.9846575094304078,2.4698272986696392e-05,1.1329225171070176e-06,21.800496162583865
40429,21,55,30,0.0030469613,0.2794371,0.0,6.760604120419682e-05,1.563091294354108e-06,43.25149877578496,7.053573931753352e-05,1.4076679455918578e-05,5.0108222992800036,0.00012231859202683598,4.638121642827332e-06,26.37244157147037
40429,24,55,30,0.002317321,0.109634735,0.0,5.133397852879969e-05,2.4305855439790124e-06,21.12000487123894,5.1723764844264636e-05,2.415377782813461e-05,2.141435812331443,9.155608088165776e-05,4.998952052839017e-06,18.315054818271566
40429,27,55,30,0.0038085724,0.088535346,0.0,8.44819783626432e-05,2.2944833815114978e-06,36.81960786614651,8.554859271626013e-05,3.5921930396758785e-05,2.3815143499075186,0.00015032901363913297,8.361506213511967e-06,17.97870022463242
40429,30,55,30,0.00351726,0.061163843,0.0,7.791673719738508e-05,3.668959828969229e-06,21.236737612162763,7.661759434517833e-05,4.9886848478624365e-05,1.5358275112930337,0.00013796311059141507,8.589391632303093e-06,16.062035182161406
40429,33,55,30,0.0023108278,0.018370958,0.0,5.125375566888818e-05,1.4696646696523076e-06,34.874455872313895,5.3106634484491276e-05,1.3391558460048499e-05,3.965679920147169,9.1085825694253e-05,5.1986742686188475e-06,17.520971883943815
40429,36,55,30,0.0025415146,0.13760398,0.0,5.6389082422310315e-05,1.3353078463776666e-06,42.229275125791276,5.850756743433395e-05,1.4032800050178519e-05,4.16934376782413,0.00010077877337313268,5.117669649496376e-06,19.692317065258443
40429,39,55,30,0.0018328452,0.009422253,0.0,4.0359762243944075e-05,5.551967091812557e-06,7.269452714059185,3.963664406622007e-05,2.8017691911946316e-05,1.4147005467398837,7.302595216397025e-05,3.3425979299014688e-06,21.847064377893297
40429,42,55,30,0.0039184596,0.036763217,1.0,8.663347445372367e-05,6.6511943697444456e-06,13.025250750122392,8.708163157903424e-05,4.350523453455997e-05,2.0016357229348523,0.00015255671739270544,1.0712446504244494e-05,14.24107157335715
40429,45,55,30,0.0019585441,0.15995844,1.0,4.331004646548175e-05,3.1973688485442065e-06,13.545527124654773,4.208542887927248e-05,3.182603076047785e-05,1.3223587068084828,7.678106648690119e-05,4.824941741945116e-06,15.91336654273215
40429,48,55,30,0.002882666,0.06714915,1.0,6.353654274102742e-05,7.840483894890333e-06,8.10365069207455,6.335013061501142e-05,3.6993398200070746e-05,1.7124712434471692,0.0001086672603208958,1.1443817805391876e-05,9.495717440528988
40429,51,55,30,0.0044718664,0.093739614,1.0,9.865550556587178e-05,1.0789460436969794e-05,9.143692230227877,9.611216426215947e-05,7.252587212740706e-05,1.3252121131796677,0.00016906095493754856,1.7266800553082278e-05,9.791099075814001
40429,54,55,30,0.004655759,0.01321174,1.0,0.00010297851561685035,7.2417786224136075e-06,14.22005849476364,0.00010397148434632068,4.8159366013339494e-05,2.158904756294383,0.00017371245946643714,2.0277479642958986e-05,8.566767789938622
43713,0,44,30,0.0049652094,0.044280913,1.0,0.0001098699296188331,7.0208732129508654e-06,15.649040551845387,0.00010585072617935428,8.657982549224361e-05,1.2225795741392096,0.0001983535179555591,8.530209231371784e-06,23.25306596537737
43713,3,44,30,0.002412819,0.08167938,1.0,5.333099692893678e-05,4.308049021292563e-06,12.379384882889667,5.046285340631785e-05,4.889652763344728e-05,1.0320334765816608,9.417360168057103e-05,6.360523688847012e-06,14.805950938552689
43713,6,44,30,0.0020404358,0.1231879,1.0,4.511787517206575e-05,3.3771215361475324e-06,13.359861257328093,4.189900243089147e-05,4.677960754232661e-05,0.8956681048035916,7.87235718664332e-05,6.29458427320853e-06,12.50655618378202
43713,9,44,30,0.0018047476,0.06427855,1.0,3.9865649281610504e-05,3.597809183712361e-06,11.080534638158758,3.807587305088164e-05,3.426016284776348e-05,1.1113745495044327,7.018545730323156e-05,5.012361247752183e-06,14.002473850963266
43713,12,44,30,0.0012568466,0.035673983,1.0,2.7682087112387216e-05,3.7175309345709097e-06,7.446363621337929,2.536536794109752e-05,3.191684322250694e-05,0.794732980460001,4.7350572880466886e-05,5.018031822080509e-06,9.436084616305806
43713,15,44,30,0.0012963667,0.02934826,1.0,2.84322533952042e-05,5.638431817289678e-06,5.042581752610643,2.660678438092068e-05,2.981362570623157e-05,0.8924370569044676,4.884122009476746e-05,5.174058998401627e-06,9.439633392246883
43713,18,44,30,0.0016876336,0.02589249,1.0,3.6691661236584074e-05,1.216964839251262e-05,3.015014078727092,3.452037814950323e-05,3.96296364241143e-05,0.8710748133055762,6.353196995134307e-05,6.786100916316152e-06,9.362072673954799
43713,21,44,30,0.0016787589,0.025304642,0.0,3.707681651912416e-05,3.4340435961905115e-06,10.796839201533317,3.541473890498441e-05,3.188997335663561e-05,1.1105289587084393,6.635536532781819e-05,3.5929210950634236e-06,18.46836141739619
43713,24,44,30,0.0017905281,0.030096702,0.0,3.949061674423345e-05,4.483464970480799e-06,8.808057385134102,3.952400871715404e-05,2.1753297046913048e-05,1.8169203791000863,6.957935300897334e-05,5.025986507774492e-06,13.84391957705097
43713,27,44,30,0.002127061,0.053807568,0.0,4.7052169190463386e-05,3.237749802924544e-06,14.532367247142703,4.567523919123305e-05,3.478346949130642e-05,1.313130629555193,8.33670812026163e-05,5.260454754868144e-06,15.847884847876795
43713,30,44,30,0.002404728,0.06479094,0.0,5.323972857418716e-05,2.9801066411933737e-06,17.865041417735135,5.206523448927356e-05,3.6331376202085504e-05,1.4330652987013714,9.520323840711838e-05,4.99376599963172e-06,19.064417198190586
43713,33,44,30,0.0022445587,0.032349233,0.0,4.965555620869947e-05,3.352942795888394e-06,14.80954469894043,4.816027647287027e-05,3.697120765309829e-05,1.3026427733916424,9.005463796773364e-05,3.4686477730639007e-06,25.962462567419244
43713,36,44,30,0.0030884836,0.046196256,0.0,6.812117167872574e-05,7.676900118024298e-06,8.873525854372739,6.426313846168072e-05,6.490526841769012e-05,0.9901066589559873,0.00012251242288080976,6.174386531554036e-06,19.842039732160163
43713,39,44,30,0.0028247032,0.078051865,1.0,6.242036416847489e-05,5.26231406271286e-06,11.861770967028821,5.930732238544616e-05,5.563263159679492e-05,1.0660527946131337,0.00011014008814383191,7.5558839298975995e-06,14.57673108344381
43713,42,44,30,0.0026231152,0.001660742,1.0,5.7816532455167796e-05,7.123709272278929e-06,8.116071311353762,5.6378538043333724e-05,4.2536081746561954e-05,1.3254285709541314,0.00010255403706175585,6.7424249507186584e-06,15.210260078731002
44339,0,31,30,0.002424764,0.03436134,1.0,5.357020367770847e-05,4.701590139504521e-06,11.39406075140229,4.9573648515111785e-05,5.711178304678334e-05,0.8680108704451293,9.593413596329896e-05,5.097694699842489e-06,18.81912150726939
44339,3,31,30,0.0023779732,0.048212096,1.0,5.2518160953734804e-05,4.8852473117624055e-06,10.750358702881782,5.10037292124425e-05,3.930272632179482e-05,1.2977147894231205,9.534958218258156e-05,3.732625519641499e-06,25.544909790934355
44339,6,31,30,0.0018327527,0.04872917,1.0,4.041272265457093e-05,4.726756493697109e-06,8.549778840619197,3.772887951037313e-05,4.135664158351855e-05,0.9122810282885456,7.244612399582797e-05,3.918575543204645e-06,18.48787223751744
44339,9,31,30,0.003054421,0.04751922,1.0,6.718138404662571e-05,1.041958773417541e-05,6.447604815138336,6.14647752602404e-05,7.88167473950977e-05,0.7798440977540698,0.00011907473931187812,8.192804242317012e-06,14.534063769867705
44339,12,31,30,0.004830555,0.058919523,1.0,0.00010676346238105137,8.733093425691638e-06,12.225159766064909,0.00010893273636021994,4.256336004919158e-05,2.5593077293316027,0.00018265204656869128,1.8621082073991504e-05,9.808884673990327
44339,15,31,30,0.005653017,0.05159824,1.0,0.00012486837827350598,1.1313326837708534e-05,11.037281965310704,0.0001279068177474432,4.682177623804675e-05,2.7317805522189444,0.00021755353158082815,1.7988843536709153e-05,12.093803091725984
44339,18,31,30,0.0016282066,0.07410511,1.0,3.594387973895443e-05,3.577333812445933e-06,10.04767282658995,3.393758605775148e-05,3.3804662544120834e-05,1.0039321059175537,6.555433888652719e-05,2.287602350568096e-06,28.656352302771342
44339,21,31,30,0.0013936386,0.03401535,1.0,3.074867210713447e-05,3.3160908779422002e-06,9.27256617472907,2.7883884687742396e-05,3.708589342828286e-05,0.7518730738323611,5.539656053986531e-05,2.6717110207545924e-06,20.73448816489862
44339,24,31,30,0.0019215955,0.0480734,1.0,4.238083133083473e-05,4.819390390612231e-06,8.793815793256558,3.986857024086292e-05,4.118593849052618e-05,0.9680141257442443,7.508907174239309e-05,4.977410801748552e-06,15.08597034345939
44339,27,31,30,0.0029843082,0.013469721,1.0,6.600670974995175e-05,4.668757573002977e-06,14.137960414058464,6.630801267639551e-05,3.322861317637112e-05,1.9955094822779773,0.00011669593520006445,7.650240277720454e-06,15.253891507161445
44339,30,31,30,0.0031337172,0.04573317,1.0,6.930473644908519e-05,5.00138298864976e-06,13.857114443418304,6.792021264873686e-05,4.684472632130566e-05,1.4499009383228219,0.00012269377233166206,7.877781383953866e-06,15.574660726378514
45305,0,47,30,0.034270972,0.058367964,1.0,0.0007609599350321659,9.258311949629416e-06,82.19208200935863,0.0007069184841338974,0.0007633992797787756,0.9260140831397619,0.0014231157385896254,4.841428589389346e-06,293.9454155553546
45305,3,47,30,0.00945742,0.048985843,1.0,0.0002098173125572899,5.213370988358592e-06,40.245996884896535,0.00022334096205738803,1.2849795272137415e-05,17.380896530053263,0.0003906594217849928,3.399710633470614e-06,114.90960964115523
45305,6,47,30,0.0035428628,0.07696106,1.0,7.827605379866147e-05,6.8134400442206816e-06,11.488477669229223,8.11274292817028e-05,2.2585118540151922e-05,3.5920745395900444,0.00014332102286258446,4.298258015433368e-06,33.34397850198256
45305,9,47,30,0.005608337,0.06670862,1.0,0.0001243425994688385,4.30684911620171e-06,28.87089752020348,0.00013174164668346527,1.2531393790132803e-05,10.512928481044016,0.00023166622906842355,2.014501075173899e-06,114.99930773103473
45305,12,47,30,0.0062155193,0.020729512,1.0,0.00013771879248249597,6.057838114540245e-06,22.733983622298897,0.0001372352858514543,7.52728617158099e-05,1.8231708310703187,0.0002554962856157282,3.4836800532693253e-06,73.34091584442517
45305,15,47,30,0.009289761,0.04260219,0.0,0.0002060211132036612,6.270165636680583e-06,32.85736376698471,0.000205008761137711,0.00011323210388182197,1.8105179901247304,0.0003812869173310506,5.786440630399122e-06,65.89317020345047
45305,18,47,30,0.012478087,0.06035553,0.0,0.00027638595133440923,1.3572967301765008e-05,20.36297186824199,0.0002889618015000385,5.694850815868234e-05,5.074089047159412,0.0005146361283537623,5.284151310975551e-06,97.39239057837483
45305,21,47,30,0.0023625821,0.044656765,0.0,4.8808018984023315e-05,5.540712857806192e-05,0.8808978237386682,5.0487357831834726e-05,4.035220184636274e-05,1.2511673594432504,8.581187957331111e-05,1.2629047093990346e-05,6.794802405491506
45305,24,47,30,0.0018415423,0.03024326,0.0,3.930088252617535e-05,2.433415647597469e-05,1.6150501277896125,4.090897353930323e-05,2.0560882409179834e-05,1.9896506737978605,6.85721869627524e-05,8.158737333323202e-06,8.404754824337713
45305,27,47,30,0.006746133,0.053830754,0.0,0.00014852202561735025,2.0880518625460682e-05,7.112947158134749,0.00015651061443318,2.8781150410597156e-05,5.437955474342441,0.00026693267581149666,1.415618704921761e-05,18.856255210773696
45305,30,47,30,0.0057017524,0.034079626,0.0,0.00012525202987073293,2.1803588529548935e-05,5.744560336982478,0.00013155558565002066,2.9402918745126693e-05,4.474235595125228,0.00022690271224578974,1.067029232802807e-05,21.2649012107921
45305,33,47,30,0.014237175,0.023848904,1.0,0.0003150958827381084,1.92863687960712e-05,16.337750567244992,0.00033299908724641317,4.1868694208956846e-05,7.9534146822084475,0.0005844009154267611,8.814660806701098e-06,66.298741181565
45305,36,47,30,0.0050100344,0.028613644,1.0,0.0001108719742106099,6.931904744243825e-06,15.99444572614428,0.0001173722778614878,1.339981392128131e-05,8.759246848575977,0.0002060463721448977,2.705067593026322e-06,76.17050778179676
45305,39,47,30,0.0073163835,0.030825268,1.0,0.00016211042014404567,7.138307119304687e-06,22.709925117348575,0.0001709368945876329,2.2839042526564314e-05,7.4844159683495715,0.00030225680730651253,2.5925188534861976e-06,116.58808455724957
45305,42,47,30,0.0064144502,0.003793204,1.0,0.00014219447416228425,5.233002365602064e-06,27.17263708821668,0.00015095983368645252,1.2356221594765125e-05,12.217313563752258,0.00026478144583704286,2.487318512940385e-06,106.45256908574662
45305,45,47,30,0.008219753,0.009405227,1.0,0.00018221579947700158,6.680669993428437e-06,27.275078645740845,0.00019279394126970717,2.0401242186275947e-05,9.450107964474876,0.0003396345922270147,2.855115541541793e-06,118.95651411837729
45728,0,46,30,0.0048065297,0.030783929,1.0,0.00010662253120723072,2.838579228800179e-06,37.5619359591729,0.00010271743728196078,8.206621269490486e-05,1.2516410092400678,0.00019254163712370933,7.730431293448269e-06,24.906972174617618
45728,3,46,30,0.0026867278,0.0680758,1.0,5.962847101930686e-05,1.1489499480708433e-06,51.89823205042716,5.4186534190521935e-05,6.848226828518336e-05,0.791249115243538,0.00010654862065731207,5.3983812473971595e-06,19.73714263117017
45728,6,46,30,0.003456495,0.103915066,1.0,7.640383274563127e-05,6.107480781100443e-06,12.5098769008103,7.298065795624516e-05,6.521788028906855e-05,1.1190283651165793,0.00013739174568828247,6.628875807413693e-06,20.726251279986933
45728,9,46,30,0.0025026887,0.07422297,1.0,5.5270431425747935e-05,5.173161417888986e-06,10.684072458017782,5.616794265730875e-05,2.393921780089274e-05,2.346273095657041,9.962434512948565e-05,4.654358971027858e-06,21.40452546733516
45728,12,46,30,0.0023170847,0.053336676,0.0,5.1402862420670766e-05,1.3185974259769045e-06,38.98298404654333,5.261899573553977e-05,1.7847796719240847e-05,2.9482068046423775,9.356639498888081e-05,2.9787967281239685e-06,31.410802256321958
45728,15,46,30,0.0032337497,0.079930715,0.0,7.155096238276959e-05,4.652186707048601e-06,15.380071112443016,6.975931341480151e-05,5.064311732068561e-05,1.3774687875761495,0.00012976512510826002,4.974452697814009e-06,26.08631200077236
45728,18,46,30,0.0033624112,0.1507225,0.0,7.44117555300739e-05,4.62735772851619e-06,16.080830550771964,7.546743758277062e-05,3.2129782260417904e-05,2.3488312796860216,0.00013205680332544617,8.043658009506887e-06,16.41750596176103
45728,21,46,30,0.0034195948,0.069133006,0.0,7.575366931648299e-05,3.5599413133466913e-06,21.279471386922154,7.660212233876214e-05,3.371763415896091e-05,2.2718712107030825,0.00013467554897258476,7.80757365998916e-06,17.249347215607536
45728,24,46,30,0.004502731,0.10976328,0.0,9.97505836566662e-05,4.65153429210761e-06,21.444662640865797,0.00010164792254453734,3.891968675928886e-05,2.6117353711814575,0.0001725162328178304,1.509755332493217e-05,11.42676757650104
45728,27,46,30,0.000596,0.022078376,0.0,1.3174260796460805e-05,1.0527504227649127e-06,12.514134890452302,1.2545779201534771e-05,1.151287677409508e-05,1.0897171443512543,2.3168101223403112e-05,1.6652315728065106e-06,13.912840473206124
45728,30,46,30,0.0014584209,0.024098082,0.0,3.2270748023853316e-05,2.079060676157699e-06,15.521792314158292,3.20102071090563e-05,1.8998690753584607e-05,1.6848638426843556,5.63183162757603e-05,4.449218853484376e-06,12.658023381262755
45728,33,46,30,0.0008458992,0.021443753,0.0,1.8739380214082127e-05,8.757295858773596e-07,21.39859211825973,1.8322762804834446e-05,1.272387676471349e-05,1.4400298858322862,3.3354734031595095e-05,1.8910700680435598e-06,17.638021242704575
45728,36,46,30,0.0021954286,0.023391282,0.0,4.757697185939419e-05,1.8154991214750896e-05,2.620600103663944,4.701679531599072e-05,3.678721734089681e-05,1.2780742528117657,8.284279489441223e-05,8.633401243795736e-06,9.595615048466092
45728,39,46,30,0.005722246,0.017484555,1.0,0.0001260605414741274,1.6507224118944736e-05,7.6366892801468875,0.0001231505619796509,9.165373925787167e-05,1.343650166123191,0.00022731658745147625,1.1110330827380729e-05,20.45992968015574
45728,42,46,30,0.008360412,0.0266154,1.0,0.00018523649872758177,8.2562453115998e-06,22.435924774101558,0.0001853973250515197,9.562058775202535e-05,1.9388850184890523,0.0003351903224647473,1.3160143313418515e-05,25.47011187355203
45728,45,46,30,0.0044100746,0.08289142,1.0,9.780292651726965e-05,2.981036674701976e-06,32.80836071131105,9.416433730544355e-05,7.58621060787686e-05,1.2412565663240551,0.00017630753868394484,7.445578120273532e-06,23.67949618363117
47306,0,34,30,0.0018102739,0.026244331,1.0,3.993369909862968e-05,4.4191327884994976e-06,9.036546537491361,3.792934022615057e-05,3.6206928050918346e-05,1.047571342501357,7.033321283802995e-05,5.094864570463135e-06,13.804726674341511
47306,3,34,30,0.0016634094,0.029329702,1.0,3.6758666862591565e-05,3.0897987856592726e-06,11.896783387060703,3.362793492955884e-05,4.1839356355354436e-05,0.8037392985672752,6.47840768313422e-05,4.52464838422438e-06,14.318035641668443
47306,6,34,30,0.0015658835,0.054563314,1.0,3.4466245614215955e-05,4.967505652967125e-06,6.938340491596427,3.0289892838604015e-05,4.89513450628751e-05,0.6187754963566056,6.0388931954368954e-05,4.856216778906852e-06,12.435386372509234
47306,9,34,30,0.0016123925,0.040254414,1.0,3.553700588311631e-05,4.409089902225337e-06,8.059941319223322,3.1774018658650143e-05,4.6313958463933995e-05,0.686057070319167,6.254069025195036e-05,4.6423320166708955e-06,13.471826234608587
47306,12,34,30,0.0024619582,0.0146918185,1.0,5.4117699145244584e-05,8.887236106676607e-06,6.0893733997444075,4.675534145467672e-05,8.303897145993572e-05,0.5630529934638585,9.816794942718285e-05,4.413640983485331e-06,22.241942603510612
47306,15,34,30,0.0023874806,0.04291303,1.0,5.263538486941715e-05,6.29605245116235e-06,8.360061368246676,4.95483158857743e-05,5.107520154578965e-05,0.9701051466503471,9.611995423852517e-05,3.3583989480272824e-06,28.620767135180845
47306,18,34,30,0.0017648384,0.108242415,1.0,3.8805105758951596e-05,6.202849485680788e-06,6.256012796785214,3.548456237923861e-05,4.574778128030709e-05,0.7756564665249359,7.006965417530165e-05,3.46527530844268e-06,20.22051581430956
47306,21,34,30,0.0038374234,0.013643646,1.0,8.471712098663259e-05,8.384381231556875e-06,10.104158988832342,8.293494099624872e-05,5.9026011041781734e-05,1.4050575251907669,0.00015292155520574068,6.971094298139987e-06,21.936520819484954
47306,24,34,30,0.0053834543,0.010173261,1.0,0.00011840402177144978,1.8424543393282948e-05,6.426429097538256,0.00010759994351239884,0.00014404283039572304,0.7469996473742835,0.0002147416490243069,9.568959721321817e-06,22.441483220565107
47306,27,34,30,0.0052819606,0.017005961,1.0,0.00011635524806123166,1.532477202621416e-05,7.592625055837527,0.00010660987989888591,0.00013405758718014314,0.7952543540532794,0.000212262390855842,7.81929576224415e-06,27.14597289960066
47306,30,34,30,0.0034965917,0.10064572,1.0,7.693560376289967e-05,1.1496524482679844e-05,6.692074972641293,7.12479447675833e-05,8.402967709000434e-05,0.8478902601430861,0.0001363981824093746,9.293140206397272e-06,14.677297380650723
47306,33,34,30,0.0028970563,0.016264047,1.0,6.383723879252199e-05,8.126895678975457e-06,7.8550582306194725,5.9254698794815495e-05,6.805984721969404e-05,0.8706263856800041,0.00011268826943176266,8.02241526408799e-06,14.046676184441239
47853,0,24,30,0.0015941306,0.056186352,1.0,3.514829194990731e-05,4.1525038264519215e-06,8.464361122561451,3.094156591700569e-05,4.9097480118490945e-05,0.6302068017000443,6.0508899278296846e-05,5.913211106085841e-06,10.232832583301729
47853,3,24,30,0.001660773,0.060891483,1.0,3.669946640556177e-05,3.098995952691159e-06,11.842373131753225,3.2047070679097096e-05,5.2466001264379195e-05,0.6108159552242235,6.391243478211857e-05,5.286439222396138e-06,12.089883585789064
47853,6,24,30,0.0007548463,0.04140104,1.0,1.6647323830083983e-05,1.9055874575057256e-06,8.736058670261249,1.5575695519275954e-05,1.677785381945104e-05,0.9283485055292716,2.922380209041321e-05,2.2281285231824692e-06,13.115851166732705
47853,9,24,30,0.0017750326,0.024594134,1.0,3.9181431820640473e-05,3.9560491536531046e-06,9.904182253261302,3.792928878825361e-05,3.033374171385492e-05,1.2503992796552832,6.992478884909739e-05,4.034901958810154e-06,17.329984610014517
47853,12,24,30,0.0018239964,0.026292782,1.0,4.0160221059381014e-05,5.595509768639299e-06,7.177222937660436,3.9191976775176155e-05,2.965557540344413e-05,1.3215719554247627,7.088894148760807e-05,5.110911719811238e-06,13.870116600297338
47853,15,24,30,0.0024925198,0.03950102,0.0,5.4969641276351426e-05,6.295286048250971e-06,8.731873477238373,5.353782804552508e-05,4.065515627808557e-05,1.3168767001981414,9.688744589326934e-05,6.96754225592094e-06,13.905541198682428
47853,18,24,30,0.0025266516,0.14208435,0.0,5.583337112501427e-05,4.716530115100676e-06,11.837806557463798,5.199907162689451e-05,5.7115047106895795e-05,0.910426836024029,9.878198720590772e-05,6.4951499178816135e-06,15.208576931219682
47853,21,24,30,0.0015185345,0.054540996,0.0,3.3402492770701715e-05,5.140749247208556e-06,6.497592308910881,3.07062346098505e-05,3.8145428134913625e-05,0.8049781090737267,5.763711506992541e-05,5.635152531041374e-06,10.228137526434283
48686,0,21,30,0.0031024644,0.14886716,1.0,6.84209635643674e-05,7.840328964117873e-06,8.726797546060052,5.0105455277460225e-05,0.00016633920427259279,0.3012245699777942,0.00012437923748591392,4.890110317789668e-06,25.434853081624016
48686,3,21,30,0.0010114876,0.1724762,1.0,2.2194953167774037e-05,4.238206380198569e-06,5.2368740869891655,1.6813629119430226e-05,5.088584811239296e-05,0.3304185690743231,4.009046020631129e-05,2.054852780789846e-06,19.510137456611993
48686,6,21,30,0.00141178,0.03596384,1.0,3.1038536482977126e-05,5.015341808384522e-06,6.188718071236478,2.5981904210783736e-05,5.342336505103449e-05,0.4863397164511003,5.612342652432552e-05,2.700747107304655e-06,20.780704114254032
48686,9,21,30,0.0016493002,0.016132293,0.0,3.643073257360089e-05,3.3057641567025056e-06,11.020366501263203,3.234323820082332e-05,4.848070897459465e-05,0.6671362462494547,6.670694962336266e-05,2.013894471726819e-06,33.12335902395353
48686,12,21,30,0.001992469,0.10010565,0.0,4.403161874061125e-05,3.68201275514718e-06,11.958573114408233,4.080834860066764e-05,4.6419706727484515e-05,0.8791168983518274,7.989062112701676e-05,3.1289156060227385e-06,25.533006059108192
48686,15,21,30,0.0025140145,0.061093654,0.0,5.562641640703636e-05,3.6085404007233457e-06,15.415212310186643,4.998489692493218e-05,6.910811477860916e-05,0.7232854938245814,0.00010163950487051944,3.1110934427641494e-06,32.67002638796172
48686,18,21,30,0.0021775365,0.07695391,0.0,4.789915209715359e-05,7.358190870314384e-06,6.509637075384409,4.125299981119998e-05,7.415173748540924e-05,0.5563322075806691,8.655244607277768e-05,4.178237968174595e-06,20.71505901100962
51441,0,47,30,0.020429354,0.10185689,1.0,0.0004533748998967918,9.161879504680865e-06,49.48492278960442,0.0003922580035741974,0.0006590866639588972,0.5951539077092597,0.0008450010877106836,6.222084533886055e-06,135.8067514365529
51441,3,47,30,0.0064833406,0.18252973,1.0,0.0001435665098383081,7.616004693468028e-06,18.850633057177593,0.000151587700867576,1.9442920061012933e-05,7.796550126826918,0.00026406623800157914,6.072968531932031e-06,43.48223387180472
51441,6,47,30,0.00807777,0.16504453,1.0,0.00017911870769562243,5.809118878970001e-06,30.834057871334434,0.00018680960738678116,3.8627615449185384e-05,4.836167213907603,0.000330624780613468,5.948936175695366e-06,55.57712687593619
51441,9,47,30,0.0054881107,0.034927968,1.0,0.00012176756397686289,2.85689844212828e-06,42.6222935268748,0.00012897757438902092,1.1842158324389395e-05,10.891390813732535,0.00022642844219399974,2.2428525678842394e-06,100.95556232106577
51441,12,47,30,0.012847975,0.12987249,1.0,0.00028520973143915184,4.512005882463819e-06,63.2112942378104,0.00030205545668612167,2.694079193201916e-05,11.211825452210572,0.0005328665284779343,2.4657187057834334e-06,216.11002391638442
51441,15,47,30,0.011372426,0.13883583,1.0,0.00025244445201123936,4.141829239851206e-06,60.94999030435846,0.00026383824434135413,4.853659431474183e-05,5.435862323393786,0.0004719319808576223,1.919095318432803e-06,245.91377839586292
51441,18,47,30,0.0073418533,0.03976612,0.0,0.00016267586509275585,7.146520442563479e-06,22.76294686346738,0.0001509789243267266,0.0001667897781298643,0.9052048993624345,0.0003026219899590663,3.2885721451712906e-06,92.02230530457277
51441,21,47,30,0.020742735,0.08199944,0.0,0.00046062421287941334,4.8819154544810175e-06,94.35317288352773,0.0004685246660768125,0.00017744989178515214,2.6403209456113945,0.0008574064681726464,6.874170408063649e-06,124.72871885266007
51441,24,47,30,0.013650761,0.19502567,0.0,0.0003031393721285601,3.162701847947304e-06,95.84822936291239,0.0002922223358869,0.00022957029067987385,1.2729100748249338,0.0005633346135196059,5.447046952437647e-06,103.42018683490582
51441,27,47,30,0.0051090005,0.18851706,0.0,0.00011215524514238054,2.0671571941390613e-05,5.425578928412914,0.00011687154089714612,3.3399338258526444e-05,3.4992172597105347,0.00020584561087979067,7.029420254846644e-06,29.283440656128683
51441,30,47,30,0.002878711,0.15494628,0.0,6.288052470218775e-05,1.636242539258289e-05,3.8429831271036123,6.369245939055964e-05,3.393793222878215e-05,1.8767336489800404,0.0001107556287573859,9.190658233288986e-06,12.050891888920853
51441,33,47,30,0.0040583666,0.06364095,0.0,8.874903434187852e-05,2.1553475868405534e-05,4.117620512057294,9.150471827259397e-05,3.58614675901338e-05,2.551616663278129,0.00016050025998443917,8.598363890133725e-06,18.666372118608137
51441,36,47,30,0.013963499,0.16690704,0.0,0.00030930233930871054,1.4964244450099764e-05,20.66942573279391,0.00032506826144270394,5.177183694145157e-05,6.278862807404757,0.0005736163880017797,8.196028758315036e-06,69.98711265133548
51441,39,47,30,0.0038571458,0.15214305,0.0,8.523563424037134e-05,7.180843211987989e-06,11.869864265811506,8.837213265422616e-05,2.4252749829195822e-05,3.643798467250195,0.00015363705903853757,7.077360563657162e-06,21.708242452345402
51441,42,47,30,0.0066424506,0.030272273,0.0,0.00014569509181100272,2.8723676273295392e-05,5.072299604854428,0.00014834594900112763,6.865338371127468e-05,2.160795884803058,0.00026644282310472146,1.032593357507058e-05,25.803267197842715
51441,45,47,30,0.004627341,0.12625687,0.0,0.00010150616730810029,1.9854390012457463e-05,5.112530137889461,0.00010670102767253856,2.4316256109211098e-05,4.388053292139811,0.0001799542887883631,1.285157366588212e-05,14.002510001253704
51625,0,37,30,0.00653491,0.03318919,1.0,0.00014487419969522376,5.190102963485365e-06,27.9135502155693,0.0001341732883499488,0.00014993853074627916,0.8948552962479821,0.0002679438387865721,4.344048512408104e-06,61.68067368981536
51625,3,37,30,0.0020176452,0.08069306,1.0,4.4697480977403924e-05,2.086147085558792e-06,21.425853089084235,4.056242145734307e-05,5.2337230671907354e-05,0.7750204001358337,8.141616108852575e-05,2.6523841298014695e-06,30.695463818289294
51625,6,37,30,0.0017347343,0.026433676,1.0,3.832681451361894e-05,3.3425353131911722e-06,11.466390306293492,3.78943843596277e-05,2.3861685991343724e-05,1.5880849481203718,6.77987532579737e-05,4.481840869210705e-06,15.127434292399075
51625,9,37,30,0.001245433,0.031954955,1.0,2.738892245810541e-05,4.310507554064016e-06,6.353990130995756,2.6228580293398583e-05,2.397211015903252e-05,1.0941289740200797,4.846812133552115e-05,3.4249217176845e-06,14.151599753435876
51625,12,37,30,0.0010349544,0.042754516,1.0,2.2723384985401623e-05,4.134024552246948e-06,5.496673930746464,2.088477481558045e-05,2.6298975957572494e-05,0.7941288227067608,4.0255767432321006e-05,2.867332484337905e-06,14.039448739275333
51625,15,37,30,0.0010475267,0.028268019,0.0,2.307219621793676e-05,3.0926194946726386e-06,7.46040573619905,2.1223859236190838e-05,2.6020766728526154e-05,0.8156508014394309,4.050491863502273e-05,3.1420267104427774e-06,12.891334914627361
51625,18,37,30,0.0011082981,0.032866035,0.0,2.4390082848170576e-05,3.581445670907624e-06,6.810122249317702,2.2017885955705625e-05,3.0591142506793704e-05,0.7197470951212717,4.302137832536402e-05,3.157707723819259e-06,13.624243308158205
51625,21,37,30,0.0012588695,0.025786068,0.0,2.774044392945707e-05,3.5165371177057415e-06,7.888568498192189,2.230057845614224e-05,5.370754883678524e-05,0.41522242104015333,4.9250957579002885e-05,3.2019419284423497e-06,15.38158988503643
51625,24,37,30,0.0017719734,0.021937355,0.0,3.893280378501085e-05,6.665755483047017e-06,5.84071886285485,3.4928195128257466e-05,5.083154023130262e-05,0.6871362734499298,6.951391984010461e-05,4.318306692171619e-06,16.09749487365544
51625,27,37,30,0.0025004684,0.013592683,0.0,5.4776889459749335e-05,1.1836110820925053e-05,4.627946653127758,4.9301473325898916e-05,7.163441307729016e-05,0.688237276024094,9.745683308778041e-05,6.72934850186524e-06,14.482357847979985
51625,30,37,30,0.0035130538,0.0070477566,1.0,7.745268456862073e-05,9.227698143088301e-06,8.393500022173361,7.253736781002723e-05,7.774740866600905e-05,0.9329875947587738,0.0001398564592427561,6.520786591293816e-06,21.44778966229082
51625,33,37,30,0.0061598676,0.11690217,1.0,0.00013544587219966567,2.1601221449233685e-05,6.2702876556302645,0.00011854039739113565,0.00019686187048415993,0.6021501121552828,0.00024218154871064369,1.4479614344883645e-05,16.725690542733155
51625,36,37,30,0.008954864,0.060816087,1.0,0.00019568661943340923,4.965510976506448e-05,3.9409160579700737,0.0001673357189080346,0.00032112716827685956,0.521088638516459,0.00035284241655964514,2.027688359863025e-05,17.40121527271974
53145,0,47,30,0.017371919,0.10500673,1.0,0.0003852095076320074,1.2497128817348443e-05,30.823840680689933,0.0003395483920743995,0.0005184811271279326,0.6548905530183697,0.0007166309785354627,7.198989376719538e-06,99.546053068635
53145,3,47,30,0.007805549,0.23279926,1.0,0.00017293735516193238,7.789492610473613e-06,22.201363273572387,0.00018279769502483448,2.1341044845888336e-05,8.565545705230694,0.00031957842736167,5.652800143262455e-06,56.5345349671656
53145,6,47,30,0.00547378,0.0866643,1.0,0.00012134481447149743,4.421161887644676e-06,27.44636309532255,0.00012638073228307797,2.7631563498507384e-05,4.573781439834372,0.0002245612624941561,3.5129098758571997e-06,63.92457262780189
53145,9,47,30,0.0061711413,0.07897378,1.0,0.00013691572065283755,3.3111275496716847e-06,41.35018014223386,0.00014457535681774064,1.649597094693282e-05,8.764282944170818,0.0002548226028562917,2.308264311487611e-06,110.39576429272338
53145,12,47,30,0.01091348,0.11501039,1.0,0.00024223190116834793,4.348430663077137e-06,55.70559126655918,0.0002493310525161991,7.359610648075355e-05,3.387829389879515,0.00045250783002758507,2.220538495951862e-06,203.78292511142072
53145,15,47,30,0.008354035,0.07825096,0.0,0.00018529325113429349,5.280051147938769e-06,35.09307882493306,0.0001768975537743326,0.00015405653266084243,1.1482638919556563,0.0003446290027692908,3.455849501001794e-06,99.72338282364106
53145,18,47,30,0.017795539,0.031743366,0.0,0.00039500301837714377,6.801245295067176e-06,58.07804324652612,0.0004014474223562721,0.0001557913039822074,2.5768281803592874,0.0007334639598220837,8.016855296944086e-06,91.49023309696884
53145,21,47,30,0.014118715,0.09155366,0.0,0.0003134545963629992,4.419730457908818e-06,70.92165446471803,0.0003142002223888383,0.00015371778122958053,2.044007009960507,0.00058205579568366,6.224038804202079e-06,93.51737898720884
53145,24,47,30,0.0025643369,0.25017717,0.0,5.486697585238779e-05,3.177439403541125e-05,1.7267670247697189,5.687845089333307e-05,2.924035965728258e-05,1.9452035323774468,9.747501198816277e-05,9.372366989490742e-06,10.400255570173654
53145,27,47,30,0.0051842644,0.068598084,0.0,0.00011344819330724791,2.636528923338831e-05,4.30293755941733,0.00011769888807082639,4.015187792526866e-05,2.9313420480578642,0.00020734946866947764,8.661554935785721e-06,23.939058310742933
53145,30,47,30,0.0057405015,0.08115504,0.0,0.00012676503936164655,1.2024971842435618e-05,10.541815899667895,0.00013437827451914745,1.6102359499534748e-05,8.345253658200223,0.00022760043176890953,1.1587138514482198e-05,19.64250548005816
53145,33,47,30,0.0076350863,0.113921136,0.0,0.00016876653957389266,1.353058835314996e-05,12.472963862994423,0.0001790740471238729,1.89960111136598e-05,9.426928951157695,0.00030808879382943565,1.0039791415756886e-05,30.686772371177717
53145,36,47,30,0.0031803995,0.0631537,0.0,7.025690430746939e-05,6.27963730141613e-06,11.188051305387598,7.432179227915902e-05,9.814055002615353e-06,7.572995286795617,0.0001265439484446888,5.9727017944933534e-06,21.187052827810422
53145,39,47,30,0.0047748312,0.063495085,1.0,0.00010555584626731949,8.272809337505558e-06,12.759371328524658,0.00011221021975624175,1.0333713379956655e-05,10.858654157554389,0.0001926172409213962,6.334071997016011e-06,30.40970184932196
53145,42,47,30,0.0017914154,0.03465222,1.0,3.9504872458807666e-05,4.565380768323726e-06,8.653138580007797,4.154405552353417e-05,7.760845160480187e-06,5.353032390735613,7.272827199719147e-05,1.9140364591133673e-06,37.997328447380326
53145,45,47,30,0.002864486,0.043189038,1.0,6.295796514118735e-05,1.0459225197591848e-05,6.0193717939721685,6.650230360651273e-05,1.1898225912112051e-05,5.589262138552547,0.00011548383270694525,3.869755082480039e-06,29.842672273960616
